record_time,product_name,recipe_name,serial_no,final_result,camera1_result,camera2_result,duration_ms,is_error,error_code,error_message,lock_required,release_required,release_result,cam1_capture_ms,cam1_detail,cam1_image_path,cam1_infer_ms,cam1_match_ms,cam1_result,camera_count,camera_results_summary,capture_ms,created_at,infer_ms,item_01_algorithm_code,item_01_camera,item_01_detail,item_01_enabled,item_01_id,item_01_name,item_01_params_json,item_01_result,item_01_roi_label,item_02_algorithm_code,item_02_camera,item_02_detail,item_02_enabled,item_02_id,item_02_name,item_02_params_json,item_02_result,item_02_roi_label,item_03_algorithm_code,item_03_camera,item_03_detail,item_03_enabled,item_03_id,item_03_name,item_03_params_json,item_03_result,item_03_roi_label,item_count,item_results_json,item_results_summary,match_ms,task_id
2026-03-24 15:38:21,2026_250A_3,line2dup_recipe.json,,NG,NG,,1837,False,,,False,False,,122.22570000449196,"20260324_153819_744883_cam1.png pred=NG NG: 密封圈1, 密封圈2, Gap match=578.0ms infer=617.2ms",C:\Users\goney\Desktop\MatchTemplate2\EmbeddingTest\.qr_session\2026_250A_3\runtime_capture\20260324_153819_744883_cam1.png,617.1505999809597,578.0337000032887,NG,1,cam1:NG,122.22570000449196,2026-03-24T15:38:21,617.1505999809597,shared_backbone_register,cam1,diff=-0.2712 match=578.0ms infer=230.2ms,True,roi1,密封圈1,{},NG,roi1,shared_backbone_register,cam1,diff=-0.3845 match=578.0ms infer=208.8ms,True,roi2,密封圈2,{},NG,roi2,meanintensity,cam1,diff=-36.1240 match=578.0ms infer=178.1ms,True,roi3,Gap,{},NG,roi3,3,"[{""item_id"": ""roi1"", ""display_name"": ""密封圈1"", ""camera_id"": ""cam1"", ""roi_label"": ""roi1"", ""algorithm_code"": ""shared_backbone_register"", ""enabled"": true, ""params"": {}, ""result"": ""NG"", ""detail"": ""diff=-0.2712 match=578.0ms infer=230.2ms""}, {""item_id"": ""roi2"", ""display_name"": ""密封圈2"", ""camera_id"": ""cam1"", ""roi_label"": ""roi2"", ""algorithm_code"": ""shared_backbone_register"", ""enabled"": true, ""params"": {}, ""result"": ""NG"", ""detail"": ""diff=-0.3845 match=578.0ms infer=208.8ms""}, {""item_id"": ""roi3"", ""display_name"": ""Gap"", ""camera_id"": ""cam1"", ""roi_label"": ""roi3"", ""algorithm_code"": ""meanintensity"", ""enabled"": true, ""params"": {}, ""result"": ""NG"", ""detail"": ""diff=-36.1240 match=578.0ms infer=178.1ms""}]",密封圈1:NG; 密封圈2:NG; Gap:NG,578.0337000032887,runtime_20260324_153821_627640
2026-03-24 15:39:04,2026_250A_3,line2dup_recipe.json,,NG,NG,,1658,False,,,False,False,,21.86420001089573,"20260324_153902_993400_cam1.png pred=NG NG: 密封圈1, 密封圈2, Gap match=662.0ms infer=522.6ms",C:\Users\goney\Desktop\MatchTemplate2\EmbeddingTest\.qr_session\2026_250A_3\runtime_capture\20260324_153902_993400_cam1.png,522.5831999996444,662.0494999951916,NG,1,cam1:NG,21.86420001089573,2026-03-24T15:39:04,522.5831999996444,shared_backbone_register,cam1,diff=-0.1461 match=662.0ms infer=200.2ms,True,roi1,密封圈1,{},NG,roi1,shared_backbone_register,cam1,diff=-0.1856 match=662.0ms infer=185.2ms,True,roi2,密封圈2,{},NG,roi2,meanintensity,cam1,diff=-26.9760 match=662.0ms infer=137.2ms,True,roi3,Gap,{},NG,roi3,3,"[{""item_id"": ""roi1"", ""display_name"": ""密封圈1"", ""camera_id"": ""cam1"", ""roi_label"": ""roi1"", ""algorithm_code"": ""shared_backbone_register"", ""enabled"": true, ""params"": {}, ""result"": ""NG"", ""detail"": ""diff=-0.1461 match=662.0ms infer=200.2ms""}, {""item_id"": ""roi2"", ""display_name"": ""密封圈2"", ""camera_id"": ""cam1"", ""roi_label"": ""roi2"", ""algorithm_code"": ""shared_backbone_register"", ""enabled"": true, ""params"": {}, ""result"": ""NG"", ""detail"": ""diff=-0.1856 match=662.0ms infer=185.2ms""}, {""item_id"": ""roi3"", ""display_name"": ""Gap"", ""camera_id"": ""cam1"", ""roi_label"": ""roi3"", ""algorithm_code"": ""meanintensity"", ""enabled"": true, ""params"": {}, ""result"": ""NG"", ""detail"": ""diff=-26.9760 match=662.0ms infer=137.2ms""}]",密封圈1:NG; 密封圈2:NG; Gap:NG,662.0494999951916,runtime_20260324_153904_811754
2026-03-24 15:39:08,2026_250A_3,line2dup_recipe.json,,NG,NG,,1487,False,,,False,False,,21.99349999136757,"20260324_153907_115076_cam1.png pred=NG NG: 密封圈1, 密封圈2, Gap match=478.3ms infer=531.0ms",C:\Users\goney\Desktop\MatchTemplate2\EmbeddingTest\.qr_session\2026_250A_3\runtime_capture\20260324_153907_115076_cam1.png,531.0105999815278,478.33739999623504,NG,1,cam1:NG,21.99349999136757,2026-03-24T15:39:08,531.0105999815278,shared_backbone_register,cam1,diff=-0.0807 match=478.3ms infer=188.6ms,True,roi1,密封圈1,{},NG,roi1,shared_backbone_register,cam1,diff=-0.2019 match=478.3ms infer=208.5ms,True,roi2,密封圈2,{},NG,roi2,meanintensity,cam1,diff=-30.6647 match=478.3ms infer=133.9ms,True,roi3,Gap,{},NG,roi3,3,"[{""item_id"": ""roi1"", ""display_name"": ""密封圈1"", ""camera_id"": ""cam1"", ""roi_label"": ""roi1"", ""algorithm_code"": ""shared_backbone_register"", ""enabled"": true, ""params"": {}, ""result"": ""NG"", ""detail"": ""diff=-0.0807 match=478.3ms infer=188.6ms""}, {""item_id"": ""roi2"", ""display_name"": ""密封圈2"", ""camera_id"": ""cam1"", ""roi_label"": ""roi2"", ""algorithm_code"": ""shared_backbone_register"", ""enabled"": true, ""params"": {}, ""result"": ""NG"", ""detail"": ""diff=-0.2019 match=478.3ms infer=208.5ms""}, {""item_id"": ""roi3"", ""display_name"": ""Gap"", ""camera_id"": ""cam1"", ""roi_label"": ""roi3"", ""algorithm_code"": ""meanintensity"", ""enabled"": true, ""params"": {}, ""result"": ""NG"", ""detail"": ""diff=-30.6647 match=478.3ms infer=133.9ms""}]",密封圈1:NG; 密封圈2:NG; Gap:NG,478.33739999623504,runtime_20260324_153908_743610
2026-03-24 15:39:12,2026_250A_3,line2dup_recipe.json,,NG,NG,,1506,False,,,False,False,,21.750100000645034,"20260324_153911_121151_cam1.png pred=NG NG: 密封圈1, 密封圈2, Gap match=520.4ms infer=516.9ms",C:\Users\goney\Desktop\MatchTemplate2\EmbeddingTest\.qr_session\2026_250A_3\runtime_capture\20260324_153911_121151_cam1.png,516.9351999938954,520.440200009034,NG,1,cam1:NG,21.750100000645034,2026-03-24T15:39:12,516.9351999938954,shared_backbone_register,cam1,diff=-0.0443 match=520.4ms infer=180.9ms,True,roi1,密封圈1,{},NG,roi1,shared_backbone_register,cam1,diff=-0.2085 match=520.4ms infer=198.4ms,True,roi2,密封圈2,{},NG,roi2,meanintensity,cam1,diff=-31.2043 match=520.4ms infer=137.6ms,True,roi3,Gap,{},NG,roi3,3,"[{""item_id"": ""roi1"", ""display_name"": ""密封圈1"", ""camera_id"": ""cam1"", ""roi_label"": ""roi1"", ""algorithm_code"": ""shared_backbone_register"", ""enabled"": true, ""params"": {}, ""result"": ""NG"", ""detail"": ""diff=-0.0443 match=520.4ms infer=180.9ms""}, {""item_id"": ""roi2"", ""display_name"": ""密封圈2"", ""camera_id"": ""cam1"", ""roi_label"": ""roi2"", ""algorithm_code"": ""shared_backbone_register"", ""enabled"": true, ""params"": {}, ""result"": ""NG"", ""detail"": ""diff=-0.2085 match=520.4ms infer=198.4ms""}, {""item_id"": ""roi3"", ""display_name"": ""Gap"", ""camera_id"": ""cam1"", ""roi_label"": ""roi3"", ""algorithm_code"": ""meanintensity"", ""enabled"": true, ""params"": {}, ""result"": ""NG"", ""detail"": ""diff=-31.2043 match=520.4ms infer=137.6ms""}]",密封圈1:NG; 密封圈2:NG; Gap:NG,520.440200009034,runtime_20260324_153912_767327
2026-03-24 15:39:16,2026_250A_3,line2dup_recipe.json,,NG,NG,,1469,False,,,False,False,,22.062699994421564,"20260324_153914_680703_cam1.png pred=NG NG: 密封圈2, Gap match=476.3ms infer=519.4ms",C:\Users\goney\Desktop\MatchTemplate2\EmbeddingTest\.qr_session\2026_250A_3\runtime_capture\20260324_153914_680703_cam1.png,519.3714999913936,476.3169000070775,NG,1,cam1:NG,22.062699994421564,2026-03-24T15:39:16,519.3714999913936,shared_backbone_register,cam1,diff=0.0230 match=476.3ms infer=186.4ms,True,roi1,密封圈1,{},OK,roi1,shared_backbone_register,cam1,diff=-0.1419 match=476.3ms infer=198.9ms,True,roi2,密封圈2,{},NG,roi2,meanintensity,cam1,diff=-31.1889 match=476.3ms infer=134.1ms,True,roi3,Gap,{},NG,roi3,3,"[{""item_id"": ""roi1"", ""display_name"": ""密封圈1"", ""camera_id"": ""cam1"", ""roi_label"": ""roi1"", ""algorithm_code"": ""shared_backbone_register"", ""enabled"": true, ""params"": {}, ""result"": ""OK"", ""detail"": ""diff=0.0230 match=476.3ms infer=186.4ms""}, {""item_id"": ""roi2"", ""display_name"": ""密封圈2"", ""camera_id"": ""cam1"", ""roi_label"": ""roi2"", ""algorithm_code"": ""shared_backbone_register"", ""enabled"": true, ""params"": {}, ""result"": ""NG"", ""detail"": ""diff=-0.1419 match=476.3ms infer=198.9ms""}, {""item_id"": ""roi3"", ""display_name"": ""Gap"", ""camera_id"": ""cam1"", ""roi_label"": ""roi3"", ""algorithm_code"": ""meanintensity"", ""enabled"": true, ""params"": {}, ""result"": ""NG"", ""detail"": ""diff=-31.1889 match=476.3ms infer=134.1ms""}]",密封圈1:OK; 密封圈2:NG; Gap:NG,476.3169000070775,runtime_20260324_153916_285715
2026-03-24 16:09:46,2026_250A_3,line2dup_recipe.json,,NG,NG,,1285,False,,,False,False,,22.415400002500974,"20260324_160944_880511_cam1.png pred=NG NG: 密封圈1, 密封圈2, Gap match=453.5ms infer=361.6ms",C:\Users\goney\Desktop\MatchTemplate2\EmbeddingTest\.qr_session\2026_250A_3\runtime_capture\20260324_160944_880511_cam1.png,361.5559000027133,453.45990000350866,NG,1,cam1:NG,22.415400002500974,2026-03-24T16:09:46,361.5559000027133,meanhsv_s,cam1,diff=-101.3886 match=453.5ms infer=137.0ms,True,roi1,密封圈1,{},NG,roi1,meanhsv_s,cam1,diff=-73.3741 match=453.5ms infer=109.4ms,True,roi2,密封圈2,{},NG,roi2,meanintensity,cam1,diff=-42.9777 match=453.5ms infer=115.2ms,True,roi3,Gap,{},NG,roi3,3,"[{""item_id"": ""roi1"", ""display_name"": ""密封圈1"", ""camera_id"": ""cam1"", ""roi_label"": ""roi1"", ""algorithm_code"": ""meanhsv_s"", ""enabled"": true, ""params"": {}, ""result"": ""NG"", ""detail"": ""diff=-101.3886 match=453.5ms infer=137.0ms""}, {""item_id"": ""roi2"", ""display_name"": ""密封圈2"", ""camera_id"": ""cam1"", ""roi_label"": ""roi2"", ""algorithm_code"": ""meanhsv_s"", ""enabled"": true, ""params"": {}, ""result"": ""NG"", ""detail"": ""diff=-73.3741 match=453.5ms infer=109.4ms""}, {""item_id"": ""roi3"", ""display_name"": ""Gap"", ""camera_id"": ""cam1"", ""roi_label"": ""roi3"", ""algorithm_code"": ""meanintensity"", ""enabled"": true, ""params"": {}, ""result"": ""NG"", ""detail"": ""diff=-42.9777 match=453.5ms infer=115.2ms""}]",密封圈1:NG; 密封圈2:NG; Gap:NG,453.45990000350866,runtime_20260324_160946_278009
2026-03-24 16:09:53,2026_250A_3,line2dup_recipe.json,,NG,NG,,1433,False,,,False,False,,21.990199995343573,"20260324_160952_337943_cam1.png pred=NG NG: 密封圈1, 密封圈2, Gap match=646.2ms infer=352.5ms",C:\Users\goney\Desktop\MatchTemplate2\EmbeddingTest\.qr_session\2026_250A_3\runtime_capture\20260324_160952_337943_cam1.png,352.49730000214186,646.1906000040472,NG,1,cam1:NG,21.990199995343573,2026-03-24T16:09:53,352.49730000214186,meanhsv_s,cam1,diff=-103.9525 match=646.2ms infer=126.7ms,True,roi1,密封圈1,{},NG,roi1,meanhsv_s,cam1,diff=-90.3463 match=646.2ms infer=114.0ms,True,roi2,密封圈2,{},NG,roi2,meanintensity,cam1,diff=-12.2820 match=646.2ms infer=111.8ms,True,roi3,Gap,{},NG,roi3,3,"[{""item_id"": ""roi1"", ""display_name"": ""密封圈1"", ""camera_id"": ""cam1"", ""roi_label"": ""roi1"", ""algorithm_code"": ""meanhsv_s"", ""enabled"": true, ""params"": {}, ""result"": ""NG"", ""detail"": ""diff=-103.9525 match=646.2ms infer=126.7ms""}, {""item_id"": ""roi2"", ""display_name"": ""密封圈2"", ""camera_id"": ""cam1"", ""roi_label"": ""roi2"", ""algorithm_code"": ""meanhsv_s"", ""enabled"": true, ""params"": {}, ""result"": ""NG"", ""detail"": ""diff=-90.3463 match=646.2ms infer=114.0ms""}, {""item_id"": ""roi3"", ""display_name"": ""Gap"", ""camera_id"": ""cam1"", ""roi_label"": ""roi3"", ""algorithm_code"": ""meanintensity"", ""enabled"": true, ""params"": {}, ""result"": ""NG"", ""detail"": ""diff=-12.2820 match=646.2ms infer=111.8ms""}]",密封圈1:NG; 密封圈2:NG; Gap:NG,646.1906000040472,runtime_20260324_160953_896981
2026-03-24 16:09:57,2026_250A_3,line2dup_recipe.json,,NG,NG,,1233,False,,,False,False,,22.28619999368675,"20260324_160956_147646_cam1.png pred=NG NG: 密封圈1, 密封圈2, Gap match=440.3ms infer=340.2ms",C:\Users\goney\Desktop\MatchTemplate2\EmbeddingTest\.qr_session\2026_250A_3\runtime_capture\20260324_160956_147646_cam1.png,340.1616000046488,440.28339999204036,NG,1,cam1:NG,22.28619999368675,2026-03-24T16:09:57,340.1616000046488,meanhsv_s,cam1,diff=-108.2833 match=440.3ms infer=129.6ms,True,roi1,密封圈1,{},NG,roi1,meanhsv_s,cam1,diff=-87.0936 match=440.3ms infer=104.8ms,True,roi2,密封圈2,{},NG,roi2,meanintensity,cam1,diff=-18.3151 match=440.3ms infer=105.7ms,True,roi3,Gap,{},NG,roi3,3,"[{""item_id"": ""roi1"", ""display_name"": ""密封圈1"", ""camera_id"": ""cam1"", ""roi_label"": ""roi1"", ""algorithm_code"": ""meanhsv_s"", ""enabled"": true, ""params"": {}, ""result"": ""NG"", ""detail"": ""diff=-108.2833 match=440.3ms infer=129.6ms""}, {""item_id"": ""roi2"", ""display_name"": ""密封圈2"", ""camera_id"": ""cam1"", ""roi_label"": ""roi2"", ""algorithm_code"": ""meanhsv_s"", ""enabled"": true, ""params"": {}, ""result"": ""NG"", ""detail"": ""diff=-87.0936 match=440.3ms infer=104.8ms""}, {""item_id"": ""roi3"", ""display_name"": ""Gap"", ""camera_id"": ""cam1"", ""roi_label"": ""roi3"", ""algorithm_code"": ""meanintensity"", ""enabled"": true, ""params"": {}, ""result"": ""NG"", ""detail"": ""diff=-18.3151 match=440.3ms infer=105.7ms""}]",密封圈1:NG; 密封圈2:NG; Gap:NG,440.28339999204036,runtime_20260324_160957_498737
2026-03-24 16:10:00,2026_250A_3,line2dup_recipe.json,,NG,NG,,1253,False,,,False,False,,22.29280000028666,"20260324_160959_176092_cam1.png pred=NG NG: 密封圈1, 密封圈2, Gap match=442.4ms infer=333.3ms",C:\Users\goney\Desktop\MatchTemplate2\EmbeddingTest\.qr_session\2026_250A_3\runtime_capture\20260324_160959_176092_cam1.png,333.3323999977438,442.3868999874685,NG,1,cam1:NG,22.29280000028666,2026-03-24T16:10:00,333.3323999977438,meanhsv_s,cam1,diff=-101.2031 match=442.4ms infer=128.1ms,True,roi1,密封圈1,{},NG,roi1,meanhsv_s,cam1,diff=-76.7414 match=442.4ms infer=98.3ms,True,roi2,密封圈2,{},NG,roi2,meanintensity,cam1,diff=-35.2245 match=442.4ms infer=106.9ms,True,roi3,Gap,{},NG,roi3,3,"[{""item_id"": ""roi1"", ""display_name"": ""密封圈1"", ""camera_id"": ""cam1"", ""roi_label"": ""roi1"", ""algorithm_code"": ""meanhsv_s"", ""enabled"": true, ""params"": {}, ""result"": ""NG"", ""detail"": ""diff=-101.2031 match=442.4ms infer=128.1ms""}, {""item_id"": ""roi2"", ""display_name"": ""密封圈2"", ""camera_id"": ""cam1"", ""roi_label"": ""roi2"", ""algorithm_code"": ""meanhsv_s"", ""enabled"": true, ""params"": {}, ""result"": ""NG"", ""detail"": ""diff=-76.7414 match=442.4ms infer=98.3ms""}, {""item_id"": ""roi3"", ""display_name"": ""Gap"", ""camera_id"": ""cam1"", ""roi_label"": ""roi3"", ""algorithm_code"": ""meanintensity"", ""enabled"": true, ""params"": {}, ""result"": ""NG"", ""detail"": ""diff=-35.2245 match=442.4ms infer=106.9ms""}]",密封圈1:NG; 密封圈2:NG; Gap:NG,442.3868999874685,runtime_20260324_161000_545013
2026-03-24 16:10:04,2026_250A_3,line2dup_recipe.json,,NG,NG,,1391,False,,,False,False,,21.573200006969273,"20260324_161003_137828_cam1.png pred=NG NG: 密封圈1, 密封圈2, Gap match=604.3ms infer=343.5ms",C:\Users\goney\Desktop\MatchTemplate2\EmbeddingTest\.qr_session\2026_250A_3\runtime_capture\20260324_161003_137828_cam1.png,343.4978000004776,604.3215000099735,NG,1,cam1:NG,21.573200006969273,2026-03-24T16:10:04,343.4978000004776,meanhsv_s,cam1,diff=-105.7129 match=604.3ms infer=126.0ms,True,roi1,密封圈1,{},NG,roi1,meanhsv_s,cam1,diff=-88.4299 match=604.3ms infer=109.1ms,True,roi2,密封圈2,{},NG,roi2,meanintensity,cam1,diff=-31.2911 match=604.3ms infer=108.4ms,True,roi3,Gap,{},NG,roi3,3,"[{""item_id"": ""roi1"", ""display_name"": ""密封圈1"", ""camera_id"": ""cam1"", ""roi_label"": ""roi1"", ""algorithm_code"": ""meanhsv_s"", ""enabled"": true, ""params"": {}, ""result"": ""NG"", ""detail"": ""diff=-105.7129 match=604.3ms infer=126.0ms""}, {""item_id"": ""roi2"", ""display_name"": ""密封圈2"", ""camera_id"": ""cam1"", ""roi_label"": ""roi2"", ""algorithm_code"": ""meanhsv_s"", ""enabled"": true, ""params"": {}, ""result"": ""NG"", ""detail"": ""diff=-88.4299 match=604.3ms infer=109.1ms""}, {""item_id"": ""roi3"", ""display_name"": ""Gap"", ""camera_id"": ""cam1"", ""roi_label"": ""roi3"", ""algorithm_code"": ""meanintensity"", ""enabled"": true, ""params"": {}, ""result"": ""NG"", ""detail"": ""diff=-31.2911 match=604.3ms infer=108.4ms""}]",密封圈1:NG; 密封圈2:NG; Gap:NG,604.3215000099735,runtime_20260324_161004_642083
2026-03-24 16:10:07,2026_250A_3,line2dup_recipe.json,,NG,NG,,1317,False,,,False,False,,21.761900003184564,"20260324_161006_248426_cam1.png pred=NG NG: 密封圈1, 密封圈2, Gap match=506.4ms infer=358.2ms",C:\Users\goney\Desktop\MatchTemplate2\EmbeddingTest\.qr_session\2026_250A_3\runtime_capture\20260324_161006_248426_cam1.png,358.22510000434704,506.38350000372157,NG,1,cam1:NG,21.761900003184564,2026-03-24T16:10:07,358.22510000434704,meanhsv_s,cam1,diff=-105.6721 match=506.4ms infer=137.2ms,True,roi1,密封圈1,{},NG,roi1,meanhsv_s,cam1,diff=-88.5445 match=506.4ms infer=105.5ms,True,roi2,密封圈2,{},NG,roi2,meanintensity,cam1,diff=-30.6421 match=506.4ms infer=115.5ms,True,roi3,Gap,{},NG,roi3,3,"[{""item_id"": ""roi1"", ""display_name"": ""密封圈1"", ""camera_id"": ""cam1"", ""roi_label"": ""roi1"", ""algorithm_code"": ""meanhsv_s"", ""enabled"": true, ""params"": {}, ""result"": ""NG"", ""detail"": ""diff=-105.6721 match=506.4ms infer=137.2ms""}, {""item_id"": ""roi2"", ""display_name"": ""密封圈2"", ""camera_id"": ""cam1"", ""roi_label"": ""roi2"", ""algorithm_code"": ""meanhsv_s"", ""enabled"": true, ""params"": {}, ""result"": ""NG"", ""detail"": ""diff=-88.5445 match=506.4ms infer=105.5ms""}, {""item_id"": ""roi3"", ""display_name"": ""Gap"", ""camera_id"": ""cam1"", ""roi_label"": ""roi3"", ""algorithm_code"": ""meanintensity"", ""enabled"": true, ""params"": {}, ""result"": ""NG"", ""detail"": ""diff=-30.6421 match=506.4ms infer=115.5ms""}]",密封圈1:NG; 密封圈2:NG; Gap:NG,506.38350000372157,runtime_20260324_161007_685636
2026-03-24 16:10:11,2026_250A_3,line2dup_recipe.json,,NG,NG,,1352,False,,,False,False,,21.73659999971278,"20260324_161009_792386_cam1.png pred=NG NG: 密封圈1, 密封圈2, Gap match=496.1ms infer=384.8ms",C:\Users\goney\Desktop\MatchTemplate2\EmbeddingTest\.qr_session\2026_250A_3\runtime_capture\20260324_161009_792386_cam1.png,384.76479999371804,496.10210000537336,NG,1,cam1:NG,21.73659999971278,2026-03-24T16:10:11,384.76479999371804,meanhsv_s,cam1,diff=-104.8551 match=496.1ms infer=121.2ms,True,roi1,密封圈1,{},NG,roi1,meanhsv_s,cam1,diff=-88.3898 match=496.1ms infer=125.2ms,True,roi2,密封圈2,{},NG,roi2,meanintensity,cam1,diff=-31.7869 match=496.1ms infer=138.4ms,True,roi3,Gap,{},NG,roi3,3,"[{""item_id"": ""roi1"", ""display_name"": ""密封圈1"", ""camera_id"": ""cam1"", ""roi_label"": ""roi1"", ""algorithm_code"": ""meanhsv_s"", ""enabled"": true, ""params"": {}, ""result"": ""NG"", ""detail"": ""diff=-104.8551 match=496.1ms infer=121.2ms""}, {""item_id"": ""roi2"", ""display_name"": ""密封圈2"", ""camera_id"": ""cam1"", ""roi_label"": ""roi2"", ""algorithm_code"": ""meanhsv_s"", ""enabled"": true, ""params"": {}, ""result"": ""NG"", ""detail"": ""diff=-88.3898 match=496.1ms infer=125.2ms""}, {""item_id"": ""roi3"", ""display_name"": ""Gap"", ""camera_id"": ""cam1"", ""roi_label"": ""roi3"", ""algorithm_code"": ""meanintensity"", ""enabled"": true, ""params"": {}, ""result"": ""NG"", ""detail"": ""diff=-31.7869 match=496.1ms infer=138.4ms""}]",密封圈1:NG; 密封圈2:NG; Gap:NG,496.10210000537336,runtime_20260324_161011_301866
2026-03-24 16:18:24,2026_250A_3,line2dup_recipe.json,,NG,NG,,760,True,,line2dup did not find any match,False,False,,0.0,,C:\Users\goney\Desktop\MatchTemplate2\EmbeddingTest\.qr_session\2026_250A_3\runtime_capture\20260324_161823_416918_cam1.png,0.0,0.0,NG,1,cam1:NG,0.0,2026-03-24T16:18:24,0.0,meanhsv_s,cam1,,True,roi1,密封圈1,{},NG,roi1,meanhsv_s,cam1,,True,roi2,密封圈2,{},NG,roi2,meanintensity,cam1,,True,roi3,Gap,{},NG,roi3,3,"[{""item_id"": ""roi1"", ""display_name"": ""密封圈1"", ""camera_id"": ""cam1"", ""roi_label"": ""roi1"", ""algorithm_code"": ""meanhsv_s"", ""enabled"": true, ""params"": {}, ""result"": ""NG"", ""detail"": """"}, {""item_id"": ""roi2"", ""display_name"": ""密封圈2"", ""camera_id"": ""cam1"", ""roi_label"": ""roi2"", ""algorithm_code"": ""meanhsv_s"", ""enabled"": true, ""params"": {}, ""result"": ""NG"", ""detail"": """"}, {""item_id"": ""roi3"", ""display_name"": ""Gap"", ""camera_id"": ""cam1"", ""roi_label"": ""roi3"", ""algorithm_code"": ""meanintensity"", ""enabled"": true, ""params"": {}, ""result"": ""NG"", ""detail"": """"}]",密封圈1:NG; 密封圈2:NG; Gap:NG,0.0,runtime_20260324_161824_307021
2026-03-24 16:18:33,2026_250A_3,line2dup_recipe.json,,NG,NG,,1870,False,,,False,False,,22.5979999959236,"20260324_161831_194875_cam1.png pred=NG NG: 密封圈1, 密封圈2, Gap match=831.9ms infer=471.8ms",C:\Users\goney\Desktop\MatchTemplate2\EmbeddingTest\.qr_session\2026_250A_3\runtime_capture\20260324_161831_194875_cam1.png,471.75089998927433,831.8978999886895,NG,1,cam1:NG,22.5979999959236,2026-03-24T16:18:33,471.75089998927433,meanhsv_s,cam1,diff=-104.9567 match=831.9ms infer=156.1ms,True,roi1,密封圈1,{},NG,roi1,meanhsv_s,cam1,diff=-83.0165 match=831.9ms infer=148.6ms,True,roi2,密封圈2,{},NG,roi2,meanintensity,cam1,diff=-31.4640 match=831.9ms infer=167.0ms,True,roi3,Gap,{},NG,roi3,3,"[{""item_id"": ""roi1"", ""display_name"": ""密封圈1"", ""camera_id"": ""cam1"", ""roi_label"": ""roi1"", ""algorithm_code"": ""meanhsv_s"", ""enabled"": true, ""params"": {}, ""result"": ""NG"", ""detail"": ""diff=-104.9567 match=831.9ms infer=156.1ms""}, {""item_id"": ""roi2"", ""display_name"": ""密封圈2"", ""camera_id"": ""cam1"", ""roi_label"": ""roi2"", ""algorithm_code"": ""meanhsv_s"", ""enabled"": true, ""params"": {}, ""result"": ""NG"", ""detail"": ""diff=-83.0165 match=831.9ms infer=148.6ms""}, {""item_id"": ""roi3"", ""display_name"": ""Gap"", ""camera_id"": ""cam1"", ""roi_label"": ""roi3"", ""algorithm_code"": ""meanintensity"", ""enabled"": true, ""params"": {}, ""result"": ""NG"", ""detail"": ""diff=-31.4640 match=831.9ms infer=167.0ms""}]",密封圈1:NG; 密封圈2:NG; Gap:NG,831.8978999886895,runtime_20260324_161833_239144
2026-03-24 16:18:44,2026_250A_3,line2dup_recipe.json,,NG,NG,,1554,False,,,False,False,,22.155500002554618,"20260324_161843_007890_cam1.png pred=NG NG: 密封圈1, 密封圈2, Gap match=591.0ms infer=437.9ms",C:\Users\goney\Desktop\MatchTemplate2\EmbeddingTest\.qr_session\2026_250A_3\runtime_capture\20260324_161843_007890_cam1.png,437.87150002026465,590.9893999923952,NG,1,cam1:NG,22.155500002554618,2026-03-24T16:18:44,437.87150002026465,meanhsv_s,cam1,diff=-104.4479 match=591.0ms infer=170.8ms,True,roi1,密封圈1,{},NG,roi1,meanhsv_s,cam1,diff=-84.7402 match=591.0ms infer=131.2ms,True,roi2,密封圈2,{},NG,roi2,meanintensity,cam1,diff=-26.6675 match=591.0ms infer=135.8ms,True,roi3,Gap,{},NG,roi3,3,"[{""item_id"": ""roi1"", ""display_name"": ""密封圈1"", ""camera_id"": ""cam1"", ""roi_label"": ""roi1"", ""algorithm_code"": ""meanhsv_s"", ""enabled"": true, ""params"": {}, ""result"": ""NG"", ""detail"": ""diff=-104.4479 match=591.0ms infer=170.8ms""}, {""item_id"": ""roi2"", ""display_name"": ""密封圈2"", ""camera_id"": ""cam1"", ""roi_label"": ""roi2"", ""algorithm_code"": ""meanhsv_s"", ""enabled"": true, ""params"": {}, ""result"": ""NG"", ""detail"": ""diff=-84.7402 match=591.0ms infer=131.2ms""}, {""item_id"": ""roi3"", ""display_name"": ""Gap"", ""camera_id"": ""cam1"", ""roi_label"": ""roi3"", ""algorithm_code"": ""meanintensity"", ""enabled"": true, ""params"": {}, ""result"": ""NG"", ""detail"": ""diff=-26.6675 match=591.0ms infer=135.8ms""}]",密封圈1:NG; 密封圈2:NG; Gap:NG,590.9893999923952,runtime_20260324_161844_723276
2026-03-24 16:18:49,2026_250A_3,line2dup_recipe.json,,NG,NG,,1574,False,,,False,False,,21.952600000076927,"20260324_161848_172018_cam1.png pred=NG NG: 密封圈1, 密封圈2, Gap match=639.3ms infer=431.8ms",C:\Users\goney\Desktop\MatchTemplate2\EmbeddingTest\.qr_session\2026_250A_3\runtime_capture\20260324_161848_172018_cam1.png,431.7742000130238,639.2671999929007,NG,1,cam1:NG,21.952600000076927,2026-03-24T16:18:49,431.7742000130238,meanhsv_s,cam1,diff=-105.3455 match=639.3ms infer=176.1ms,True,roi1,密封圈1,{},NG,roi1,meanhsv_s,cam1,diff=-88.1482 match=639.3ms infer=144.3ms,True,roi2,密封圈2,{},NG,roi2,meanintensity,cam1,diff=-29.8265 match=639.3ms infer=111.3ms,True,roi3,Gap,{},NG,roi3,3,"[{""item_id"": ""roi1"", ""display_name"": ""密封圈1"", ""camera_id"": ""cam1"", ""roi_label"": ""roi1"", ""algorithm_code"": ""meanhsv_s"", ""enabled"": true, ""params"": {}, ""result"": ""NG"", ""detail"": ""diff=-105.3455 match=639.3ms infer=176.1ms""}, {""item_id"": ""roi2"", ""display_name"": ""密封圈2"", ""camera_id"": ""cam1"", ""roi_label"": ""roi2"", ""algorithm_code"": ""meanhsv_s"", ""enabled"": true, ""params"": {}, ""result"": ""NG"", ""detail"": ""diff=-88.1482 match=639.3ms infer=144.3ms""}, {""item_id"": ""roi3"", ""display_name"": ""Gap"", ""camera_id"": ""cam1"", ""roi_label"": ""roi3"", ""algorithm_code"": ""meanintensity"", ""enabled"": true, ""params"": {}, ""result"": ""NG"", ""detail"": ""diff=-29.8265 match=639.3ms infer=111.3ms""}]",密封圈1:NG; 密封圈2:NG; Gap:NG,639.2671999929007,runtime_20260324_161849_920892
2026-03-24 16:18:55,2026_250A_3,line2dup_recipe.json,,NG,NG,,1173,False,,,False,False,,21.59889999893494,20260324_161854_247899_cam1.png pred=NG NG: Gap diff=-64.1507 match=470.0ms infer=311.2ms,C:\Users\goney\Desktop\MatchTemplate2\EmbeddingTest\.qr_session\2026_250A_3\runtime_capture\20260324_161854_247899_cam1.png,311.1884999816539,470.00950000074226,NG,1,cam1:NG,21.59889999893494,2026-03-24T16:18:55,311.1884999816539,meanhsv_s,cam1,diff=86.1781 match=470.0ms infer=122.3ms,True,roi1,密封圈1,{},OK,roi1,meanhsv_s,cam1,diff=71.6504 match=470.0ms infer=93.8ms,True,roi2,密封圈2,{},OK,roi2,meanintensity,cam1,diff=-64.1507 match=470.0ms infer=95.1ms,True,roi3,Gap,{},NG,roi3,3,"[{""item_id"": ""roi1"", ""display_name"": ""密封圈1"", ""camera_id"": ""cam1"", ""roi_label"": ""roi1"", ""algorithm_code"": ""meanhsv_s"", ""enabled"": true, ""params"": {}, ""result"": ""OK"", ""detail"": ""diff=86.1781 match=470.0ms infer=122.3ms""}, {""item_id"": ""roi2"", ""display_name"": ""密封圈2"", ""camera_id"": ""cam1"", ""roi_label"": ""roi2"", ""algorithm_code"": ""meanhsv_s"", ""enabled"": true, ""params"": {}, ""result"": ""OK"", ""detail"": ""diff=71.6504 match=470.0ms infer=93.8ms""}, {""item_id"": ""roi3"", ""display_name"": ""Gap"", ""camera_id"": ""cam1"", ""roi_label"": ""roi3"", ""algorithm_code"": ""meanintensity"", ""enabled"": true, ""params"": {}, ""result"": ""NG"", ""detail"": ""diff=-64.1507 match=470.0ms infer=95.1ms""}]",密封圈1:OK; 密封圈2:OK; Gap:NG,470.00950000074226,runtime_20260324_161855_523071
2026-03-24 16:19:36,2026_250A_3,line2dup_recipe.json,,NG,NG,,1332,False,,,False,False,,107.95480001252145,"20260324_161934_763462_cam1.png pred=NG NG: 密封圈2, Gap match=473.7ms infer=334.9ms",C:\Users\goney\Desktop\MatchTemplate2\EmbeddingTest\.qr_session\2026_250A_3\runtime_capture\20260324_161934_763462_cam1.png,334.8909999913303,473.66889999830164,NG,1,cam1:NG,107.95480001252145,2026-03-24T16:19:36,334.8909999913303,meanhsv_s,cam1,diff=52.9261 match=473.7ms infer=122.4ms,True,roi1,密封圈1,{},OK,roi1,meanhsv_s,cam1,diff=-80.2347 match=473.7ms infer=109.1ms,True,roi2,密封圈2,{},NG,roi2,meanintensity,cam1,diff=-27.0557 match=473.7ms infer=103.4ms,True,roi3,Gap,{},NG,roi3,3,"[{""item_id"": ""roi1"", ""display_name"": ""密封圈1"", ""camera_id"": ""cam1"", ""roi_label"": ""roi1"", ""algorithm_code"": ""meanhsv_s"", ""enabled"": true, ""params"": {}, ""result"": ""OK"", ""detail"": ""diff=52.9261 match=473.7ms infer=122.4ms""}, {""item_id"": ""roi2"", ""display_name"": ""密封圈2"", ""camera_id"": ""cam1"", ""roi_label"": ""roi2"", ""algorithm_code"": ""meanhsv_s"", ""enabled"": true, ""params"": {}, ""result"": ""NG"", ""detail"": ""diff=-80.2347 match=473.7ms infer=109.1ms""}, {""item_id"": ""roi3"", ""display_name"": ""Gap"", ""camera_id"": ""cam1"", ""roi_label"": ""roi3"", ""algorithm_code"": ""meanintensity"", ""enabled"": true, ""params"": {}, ""result"": ""NG"", ""detail"": ""diff=-27.0557 match=473.7ms infer=103.4ms""}]",密封圈1:OK; 密封圈2:NG; Gap:NG,473.66889999830164,runtime_20260324_161936_108146
2026-03-24 16:19:45,2026_250A_3,line2dup_recipe.json,,NG,NG,,1212,False,,,False,False,,21.596199992927723,"20260324_161944_389630_cam1.png pred=NG NG: 密封圈2, Gap match=472.2ms infer=327.6ms",C:\Users\goney\Desktop\MatchTemplate2\EmbeddingTest\.qr_session\2026_250A_3\runtime_capture\20260324_161944_389630_cam1.png,327.63070000510197,472.18889999203384,NG,1,cam1:NG,21.596199992927723,2026-03-24T16:19:45,327.63070000510197,meanhsv_s,cam1,diff=55.6796 match=472.2ms infer=128.0ms,True,roi1,密封圈1,{},OK,roi1,meanhsv_s,cam1,diff=-77.4115 match=472.2ms infer=103.7ms,True,roi2,密封圈2,{},NG,roi2,meanintensity,cam1,diff=-23.7308 match=472.2ms infer=95.9ms,True,roi3,Gap,{},NG,roi3,3,"[{""item_id"": ""roi1"", ""display_name"": ""密封圈1"", ""camera_id"": ""cam1"", ""roi_label"": ""roi1"", ""algorithm_code"": ""meanhsv_s"", ""enabled"": true, ""params"": {}, ""result"": ""OK"", ""detail"": ""diff=55.6796 match=472.2ms infer=128.0ms""}, {""item_id"": ""roi2"", ""display_name"": ""密封圈2"", ""camera_id"": ""cam1"", ""roi_label"": ""roi2"", ""algorithm_code"": ""meanhsv_s"", ""enabled"": true, ""params"": {}, ""result"": ""NG"", ""detail"": ""diff=-77.4115 match=472.2ms infer=103.7ms""}, {""item_id"": ""roi3"", ""display_name"": ""Gap"", ""camera_id"": ""cam1"", ""roi_label"": ""roi3"", ""algorithm_code"": ""meanintensity"", ""enabled"": true, ""params"": {}, ""result"": ""NG"", ""detail"": ""diff=-23.7308 match=472.2ms infer=95.9ms""}]",密封圈1:OK; 密封圈2:NG; Gap:NG,472.18889999203384,runtime_20260324_161945_713784
2026-03-24 16:19:49,2026_250A_3,line2dup_recipe.json,,NG,NG,,1382,False,,,False,False,,21.764299992355518,"20260324_161947_532837_cam1.png pred=NG NG: 密封圈1, 密封圈2, Gap match=618.6ms infer=333.7ms",C:\Users\goney\Desktop\MatchTemplate2\EmbeddingTest\.qr_session\2026_250A_3\runtime_capture\20260324_161947_532837_cam1.png,333.7466999946628,618.5895000089658,NG,1,cam1:NG,21.764299992355518,2026-03-24T16:19:49,333.7466999946628,meanhsv_s,cam1,diff=-16.9758 match=618.6ms infer=117.6ms,True,roi1,密封圈1,{},NG,roi1,meanhsv_s,cam1,diff=-91.1696 match=618.6ms infer=107.7ms,True,roi2,密封圈2,{},NG,roi2,meanintensity,cam1,diff=-12.7606 match=618.6ms infer=108.4ms,True,roi3,Gap,{},NG,roi3,3,"[{""item_id"": ""roi1"", ""display_name"": ""密封圈1"", ""camera_id"": ""cam1"", ""roi_label"": ""roi1"", ""algorithm_code"": ""meanhsv_s"", ""enabled"": true, ""params"": {}, ""result"": ""NG"", ""detail"": ""diff=-16.9758 match=618.6ms infer=117.6ms""}, {""item_id"": ""roi2"", ""display_name"": ""密封圈2"", ""camera_id"": ""cam1"", ""roi_label"": ""roi2"", ""algorithm_code"": ""meanhsv_s"", ""enabled"": true, ""params"": {}, ""result"": ""NG"", ""detail"": ""diff=-91.1696 match=618.6ms infer=107.7ms""}, {""item_id"": ""roi3"", ""display_name"": ""Gap"", ""camera_id"": ""cam1"", ""roi_label"": ""roi3"", ""algorithm_code"": ""meanintensity"", ""enabled"": true, ""params"": {}, ""result"": ""NG"", ""detail"": ""diff=-12.7606 match=618.6ms infer=108.4ms""}]",密封圈1:NG; 密封圈2:NG; Gap:NG,618.5895000089658,runtime_20260324_161949_035243
2026-03-24 16:37:26,2026_250A_3,line2dup_recipe.json,,NG,NG,,1834,False,,,False,False,,107.15320000599604,"20260324_163724_164284_cam1.png pred=NG NG: 密封圈2, roi3 match=886.9ms infer=403.0ms",C:\Users\goney\Desktop\MatchTemplate2\EmbeddingTest\.qr_session\2026_250A_3\runtime_capture\20260324_163724_164284_cam1.png,402.9892000107793,886.8979999970179,NG,1,cam1:NG,107.15320000599604,2026-03-24T16:37:26,402.9892000107793,meanhsv_s,cam1,diff=95.7845 match=886.9ms infer=130.3ms,True,roi1,密封圈1,{},OK,roi1,meanhsv_s,cam1,diff=-36.8109 match=886.9ms infer=110.0ms,True,roi2,密封圈2,{},NG,roi2,shared_backbone_register,cam1,diff=0.0124 match=886.9ms infer=162.7ms,True,roi3,roi3,{},NG,roi3,3,"[{""item_id"": ""roi1"", ""display_name"": ""密封圈1"", ""camera_id"": ""cam1"", ""roi_label"": ""roi1"", ""algorithm_code"": ""meanhsv_s"", ""enabled"": true, ""params"": {}, ""result"": ""OK"", ""detail"": ""diff=95.7845 match=886.9ms infer=130.3ms""}, {""item_id"": ""roi2"", ""display_name"": ""密封圈2"", ""camera_id"": ""cam1"", ""roi_label"": ""roi2"", ""algorithm_code"": ""meanhsv_s"", ""enabled"": true, ""params"": {}, ""result"": ""NG"", ""detail"": ""diff=-36.8109 match=886.9ms infer=110.0ms""}, {""item_id"": ""roi3"", ""display_name"": ""roi3"", ""camera_id"": ""cam1"", ""roi_label"": ""roi3"", ""algorithm_code"": ""shared_backbone_register"", ""enabled"": true, ""params"": {}, ""result"": ""NG"", ""detail"": ""diff=0.0124 match=886.9ms infer=162.7ms""}]",密封圈1:OK; 密封圈2:NG; roi3:NG,886.8979999970179,runtime_20260324_163726_051811
2026-03-24 16:37:36,2026_250A_3,line2dup_recipe.json,,NG,NG,,1607,False,,,False,False,,21.989799992297776,"20260324_163735_154147_cam1.png pred=NG NG: 密封圈2, roi3 match=757.8ms infer=386.0ms",C:\Users\goney\Desktop\MatchTemplate2\EmbeddingTest\.qr_session\2026_250A_3\runtime_capture\20260324_163735_154147_cam1.png,385.9815999894636,757.8270999947563,NG,1,cam1:NG,21.989799992297776,2026-03-24T16:37:36,385.9815999894636,meanhsv_s,cam1,diff=135.0158 match=757.8ms infer=131.1ms,True,roi1,密封圈1,{},OK,roi1,meanhsv_s,cam1,diff=-51.7459 match=757.8ms infer=94.9ms,True,roi2,密封圈2,{},NG,roi2,shared_backbone_register,cam1,diff=0.0123 match=757.8ms infer=160.0ms,True,roi3,roi3,{},NG,roi3,3,"[{""item_id"": ""roi1"", ""display_name"": ""密封圈1"", ""camera_id"": ""cam1"", ""roi_label"": ""roi1"", ""algorithm_code"": ""meanhsv_s"", ""enabled"": true, ""params"": {}, ""result"": ""OK"", ""detail"": ""diff=135.0158 match=757.8ms infer=131.1ms""}, {""item_id"": ""roi2"", ""display_name"": ""密封圈2"", ""camera_id"": ""cam1"", ""roi_label"": ""roi2"", ""algorithm_code"": ""meanhsv_s"", ""enabled"": true, ""params"": {}, ""result"": ""NG"", ""detail"": ""diff=-51.7459 match=757.8ms infer=94.9ms""}, {""item_id"": ""roi3"", ""display_name"": ""roi3"", ""camera_id"": ""cam1"", ""roi_label"": ""roi3"", ""algorithm_code"": ""shared_backbone_register"", ""enabled"": true, ""params"": {}, ""result"": ""NG"", ""detail"": ""diff=0.0123 match=757.8ms infer=160.0ms""}]",密封圈1:OK; 密封圈2:NG; roi3:NG,757.8270999947563,runtime_20260324_163736_904985
2026-03-24 16:37:42,2026_250A_3,line2dup_recipe.json,,NG,NG,,1802,False,,,False,False,,22.530500005814247,"20260324_163740_208611_cam1.png pred=NG NG: 密封圈2, roi3 match=865.7ms infer=435.4ms",C:\Users\goney\Desktop\MatchTemplate2\EmbeddingTest\.qr_session\2026_250A_3\runtime_capture\20260324_163740_208611_cam1.png,435.35200000042096,865.7011000032071,NG,1,cam1:NG,22.530500005814247,2026-03-24T16:37:42,435.35200000042096,meanhsv_s,cam1,diff=64.1524 match=865.7ms infer=131.1ms,True,roi1,密封圈1,{},OK,roi1,meanhsv_s,cam1,diff=-57.2086 match=865.7ms infer=119.1ms,True,roi2,密封圈2,{},NG,roi2,shared_backbone_register,cam1,diff=-0.0425 match=865.7ms infer=185.1ms,True,roi3,roi3,{},NG,roi3,3,"[{""item_id"": ""roi1"", ""display_name"": ""密封圈1"", ""camera_id"": ""cam1"", ""roi_label"": ""roi1"", ""algorithm_code"": ""meanhsv_s"", ""enabled"": true, ""params"": {}, ""result"": ""OK"", ""detail"": ""diff=64.1524 match=865.7ms infer=131.1ms""}, {""item_id"": ""roi2"", ""display_name"": ""密封圈2"", ""camera_id"": ""cam1"", ""roi_label"": ""roi2"", ""algorithm_code"": ""meanhsv_s"", ""enabled"": true, ""params"": {}, ""result"": ""NG"", ""detail"": ""diff=-57.2086 match=865.7ms infer=119.1ms""}, {""item_id"": ""roi3"", ""display_name"": ""roi3"", ""camera_id"": ""cam1"", ""roi_label"": ""roi3"", ""algorithm_code"": ""shared_backbone_register"", ""enabled"": true, ""params"": {}, ""result"": ""NG"", ""detail"": ""diff=-0.0425 match=865.7ms infer=185.1ms""}]",密封圈1:OK; 密封圈2:NG; roi3:NG,865.7011000032071,runtime_20260324_163742_171217
2026-03-24 16:37:46,2026_250A_3,line2dup_recipe.json,,NG,NG,,1614,False,,,False,False,,21.29899999999907,"20260324_163744_403444_cam1.png pred=NG NG: 密封圈2, roi3 match=753.9ms infer=412.6ms",C:\Users\goney\Desktop\MatchTemplate2\EmbeddingTest\.qr_session\2026_250A_3\runtime_capture\20260324_163744_403444_cam1.png,412.55370000726543,753.8913000025786,NG,1,cam1:NG,21.29899999999907,2026-03-24T16:37:46,412.55370000726543,meanhsv_s,cam1,diff=124.5179 match=753.9ms infer=115.4ms,True,roi1,密封圈1,{},OK,roi1,meanhsv_s,cam1,diff=-54.2352 match=753.9ms infer=124.7ms,True,roi2,密封圈2,{},NG,roi2,shared_backbone_register,cam1,diff=-0.0848 match=753.9ms infer=172.5ms,True,roi3,roi3,{},NG,roi3,3,"[{""item_id"": ""roi1"", ""display_name"": ""密封圈1"", ""camera_id"": ""cam1"", ""roi_label"": ""roi1"", ""algorithm_code"": ""meanhsv_s"", ""enabled"": true, ""params"": {}, ""result"": ""OK"", ""detail"": ""diff=124.5179 match=753.9ms infer=115.4ms""}, {""item_id"": ""roi2"", ""display_name"": ""密封圈2"", ""camera_id"": ""cam1"", ""roi_label"": ""roi2"", ""algorithm_code"": ""meanhsv_s"", ""enabled"": true, ""params"": {}, ""result"": ""NG"", ""detail"": ""diff=-54.2352 match=753.9ms infer=124.7ms""}, {""item_id"": ""roi3"", ""display_name"": ""roi3"", ""camera_id"": ""cam1"", ""roi_label"": ""roi3"", ""algorithm_code"": ""shared_backbone_register"", ""enabled"": true, ""params"": {}, ""result"": ""NG"", ""detail"": ""diff=-0.0848 match=753.9ms infer=172.5ms""}]",密封圈1:OK; 密封圈2:NG; roi3:NG,753.8913000025786,runtime_20260324_163746_196612
2026-03-24 16:37:50,2026_250A_3,line2dup_recipe.json,,NG,NG,,1702,False,,,False,False,,21.65969999623485,"20260324_163748_269010_cam1.png pred=NG NG: 密封圈2, roi3 match=900.4ms infer=366.1ms",C:\Users\goney\Desktop\MatchTemplate2\EmbeddingTest\.qr_session\2026_250A_3\runtime_capture\20260324_163748_269010_cam1.png,366.1462999880314,900.4239000059897,NG,1,cam1:NG,21.65969999623485,2026-03-24T16:37:50,366.1462999880314,meanhsv_s,cam1,diff=68.7970 match=900.4ms infer=112.3ms,True,roi1,密封圈1,{},OK,roi1,meanhsv_s,cam1,diff=-54.6483 match=900.4ms infer=103.3ms,True,roi2,密封圈2,{},NG,roi2,shared_backbone_register,cam1,diff=-0.1294 match=900.4ms infer=150.5ms,True,roi3,roi3,{},NG,roi3,3,"[{""item_id"": ""roi1"", ""display_name"": ""密封圈1"", ""camera_id"": ""cam1"", ""roi_label"": ""roi1"", ""algorithm_code"": ""meanhsv_s"", ""enabled"": true, ""params"": {}, ""result"": ""OK"", ""detail"": ""diff=68.7970 match=900.4ms infer=112.3ms""}, {""item_id"": ""roi2"", ""display_name"": ""密封圈2"", ""camera_id"": ""cam1"", ""roi_label"": ""roi2"", ""algorithm_code"": ""meanhsv_s"", ""enabled"": true, ""params"": {}, ""result"": ""NG"", ""detail"": ""diff=-54.6483 match=900.4ms infer=103.3ms""}, {""item_id"": ""roi3"", ""display_name"": ""roi3"", ""camera_id"": ""cam1"", ""roi_label"": ""roi3"", ""algorithm_code"": ""shared_backbone_register"", ""enabled"": true, ""params"": {}, ""result"": ""NG"", ""detail"": ""diff=-0.1294 match=900.4ms infer=150.5ms""}]",密封圈1:OK; 密封圈2:NG; roi3:NG,900.4239000059897,runtime_20260324_163750_113780
2026-03-24 16:37:54,2026_250A_3,line2dup_recipe.json,,NG,NG,,1547,False,,,False,False,,22.5639999989653,"20260324_163753_059892_cam1.png pred=NG NG: 密封圈2, roi3 match=729.3ms infer=382.2ms",C:\Users\goney\Desktop\MatchTemplate2\EmbeddingTest\.qr_session\2026_250A_3\runtime_capture\20260324_163753_059892_cam1.png,382.1705000009388,729.3374000000767,NG,1,cam1:NG,22.5639999989653,2026-03-24T16:37:54,382.1705000009388,meanhsv_s,cam1,diff=77.8066 match=729.3ms infer=124.7ms,True,roi1,密封圈1,{},OK,roi1,meanhsv_s,cam1,diff=-57.6541 match=729.3ms infer=105.2ms,True,roi2,密封圈2,{},NG,roi2,shared_backbone_register,cam1,diff=-0.1494 match=729.3ms infer=152.2ms,True,roi3,roi3,{},NG,roi3,3,"[{""item_id"": ""roi1"", ""display_name"": ""密封圈1"", ""camera_id"": ""cam1"", ""roi_label"": ""roi1"", ""algorithm_code"": ""meanhsv_s"", ""enabled"": true, ""params"": {}, ""result"": ""OK"", ""detail"": ""diff=77.8066 match=729.3ms infer=124.7ms""}, {""item_id"": ""roi2"", ""display_name"": ""密封圈2"", ""camera_id"": ""cam1"", ""roi_label"": ""roi2"", ""algorithm_code"": ""meanhsv_s"", ""enabled"": true, ""params"": {}, ""result"": ""NG"", ""detail"": ""diff=-57.6541 match=729.3ms infer=105.2ms""}, {""item_id"": ""roi3"", ""display_name"": ""roi3"", ""camera_id"": ""cam1"", ""roi_label"": ""roi3"", ""algorithm_code"": ""shared_backbone_register"", ""enabled"": true, ""params"": {}, ""result"": ""NG"", ""detail"": ""diff=-0.1494 match=729.3ms infer=152.2ms""}]",密封圈1:OK; 密封圈2:NG; roi3:NG,729.3374000000767,runtime_20260324_163754_744997
2026-03-24 16:37:59,2026_250A_3,line2dup_recipe.json,,NG,NG,,2319,False,,,False,False,,21.8890999967698,"20260324_163756_857861_cam1.png pred=NG NG: 密封圈2, roi3 match=1110.3ms infer=595.9ms",C:\Users\goney\Desktop\MatchTemplate2\EmbeddingTest\.qr_session\2026_250A_3\runtime_capture\20260324_163756_857861_cam1.png,595.9496999857947,1110.2559999999357,NG,1,cam1:NG,21.8890999967698,2026-03-24T16:37:59,595.9496999857947,meanhsv_s,cam1,diff=95.8521 match=1110.3ms infer=197.3ms,True,roi1,密封圈1,{},OK,roi1,meanhsv_s,cam1,diff=-55.5027 match=1110.3ms infer=168.5ms,True,roi2,密封圈2,{},NG,roi2,shared_backbone_register,cam1,diff=-0.0910 match=1110.3ms infer=230.1ms,True,roi3,roi3,{},NG,roi3,3,"[{""item_id"": ""roi1"", ""display_name"": ""密封圈1"", ""camera_id"": ""cam1"", ""roi_label"": ""roi1"", ""algorithm_code"": ""meanhsv_s"", ""enabled"": true, ""params"": {}, ""result"": ""OK"", ""detail"": ""diff=95.8521 match=1110.3ms infer=197.3ms""}, {""item_id"": ""roi2"", ""display_name"": ""密封圈2"", ""camera_id"": ""cam1"", ""roi_label"": ""roi2"", ""algorithm_code"": ""meanhsv_s"", ""enabled"": true, ""params"": {}, ""result"": ""NG"", ""detail"": ""diff=-55.5027 match=1110.3ms infer=168.5ms""}, {""item_id"": ""roi3"", ""display_name"": ""roi3"", ""camera_id"": ""cam1"", ""roi_label"": ""roi3"", ""algorithm_code"": ""shared_backbone_register"", ""enabled"": true, ""params"": {}, ""result"": ""NG"", ""detail"": ""diff=-0.0910 match=1110.3ms infer=230.1ms""}]",密封圈1:OK; 密封圈2:NG; roi3:NG,1110.2559999999357,runtime_20260324_163759_359136
2026-03-24 16:47:39,2026_250A_3,line2dup_recipe.json,,NG,NG,,1532,False,,,False,False,,22.679000001517124,"20260324_164737_329197_cam1.png pred=NG NG: 密封圈2, roi3 match=613.2ms infer=425.1ms",C:\Users\goney\Desktop\MatchTemplate2\EmbeddingTest\.qr_session\2026_250A_3\runtime_capture\20260324_164737_329197_cam1.png,425.0871999975061,613.1924999936018,NG,1,cam1:NG,22.679000001517124,2026-03-24T16:47:39,425.0871999975061,meanhsv_s,cam1,diff=118.9694 match=613.2ms infer=135.0ms,True,roi1,密封圈1,{},OK,roi1,meanhsv_s,cam1,diff=-50.5113 match=613.2ms infer=119.6ms,True,roi2,密封圈2,{},NG,roi2,shared_backbone_register,cam1,diff=-0.0627 match=613.2ms infer=170.5ms,True,roi3,roi3,{},NG,roi3,3,"[{""item_id"": ""roi1"", ""display_name"": ""密封圈1"", ""camera_id"": ""cam1"", ""roi_label"": ""roi1"", ""algorithm_code"": ""meanhsv_s"", ""enabled"": true, ""params"": {}, ""result"": ""OK"", ""detail"": ""diff=118.9694 match=613.2ms infer=135.0ms""}, {""item_id"": ""roi2"", ""display_name"": ""密封圈2"", ""camera_id"": ""cam1"", ""roi_label"": ""roi2"", ""algorithm_code"": ""meanhsv_s"", ""enabled"": true, ""params"": {}, ""result"": ""NG"", ""detail"": ""diff=-50.5113 match=613.2ms infer=119.6ms""}, {""item_id"": ""roi3"", ""display_name"": ""roi3"", ""camera_id"": ""cam1"", ""roi_label"": ""roi3"", ""algorithm_code"": ""shared_backbone_register"", ""enabled"": true, ""params"": {}, ""result"": ""NG"", ""detail"": ""diff=-0.0627 match=613.2ms infer=170.5ms""}]",密封圈1:OK; 密封圈2:NG; roi3:NG,613.1924999936018,runtime_20260324_164739_019107
2026-03-24 16:47:50,2026_250A_3,line2dup_recipe.json,,NG,NG,,1457,False,,,False,False,,22.756000005756505,"20260324_164749_305681_cam1.png pred=NG NG: 密封圈2, roi3 match=545.4ms infer=426.3ms",C:\Users\goney\Desktop\MatchTemplate2\EmbeddingTest\.qr_session\2026_250A_3\runtime_capture\20260324_164749_305681_cam1.png,426.26549999113195,545.4477000021143,NG,1,cam1:NG,22.756000005756505,2026-03-24T16:47:50,426.26549999113195,meanhsv_s,cam1,diff=113.6325 match=545.4ms infer=133.6ms,True,roi1,密封圈1,{},OK,roi1,meanhsv_s,cam1,diff=-49.3123 match=545.4ms infer=121.1ms,True,roi2,密封圈2,{},NG,roi2,shared_backbone_register,cam1,diff=-0.1555 match=545.4ms infer=171.6ms,True,roi3,roi3,{},NG,roi3,3,"[{""item_id"": ""roi1"", ""display_name"": ""密封圈1"", ""camera_id"": ""cam1"", ""roi_label"": ""roi1"", ""algorithm_code"": ""meanhsv_s"", ""enabled"": true, ""params"": {}, ""result"": ""OK"", ""detail"": ""diff=113.6325 match=545.4ms infer=133.6ms""}, {""item_id"": ""roi2"", ""display_name"": ""密封圈2"", ""camera_id"": ""cam1"", ""roi_label"": ""roi2"", ""algorithm_code"": ""meanhsv_s"", ""enabled"": true, ""params"": {}, ""result"": ""NG"", ""detail"": ""diff=-49.3123 match=545.4ms infer=121.1ms""}, {""item_id"": ""roi3"", ""display_name"": ""roi3"", ""camera_id"": ""cam1"", ""roi_label"": ""roi3"", ""algorithm_code"": ""shared_backbone_register"", ""enabled"": true, ""params"": {}, ""result"": ""NG"", ""detail"": ""diff=-0.1555 match=545.4ms infer=171.6ms""}]",密封圈1:OK; 密封圈2:NG; roi3:NG,545.4477000021143,runtime_20260324_164750_922754
2026-03-24 16:47:54,2026_250A_3,line2dup_recipe.json,,NG,NG,,1474,False,,,False,False,,22.166199996718206,"20260324_164752_940372_cam1.png pred=NG NG: 密封圈2, roi3 match=518.6ms infer=440.2ms",C:\Users\goney\Desktop\MatchTemplate2\EmbeddingTest\.qr_session\2026_250A_3\runtime_capture\20260324_164752_940372_cam1.png,440.1726999785751,518.6462999990908,NG,1,cam1:NG,22.166199996718206,2026-03-24T16:47:54,440.1726999785751,meanhsv_s,cam1,diff=77.9448 match=518.6ms infer=137.6ms,True,roi1,密封圈1,{},OK,roi1,meanhsv_s,cam1,diff=-55.8131 match=518.6ms infer=122.7ms,True,roi2,密封圈2,{},NG,roi2,shared_backbone_register,cam1,diff=-0.1036 match=518.6ms infer=179.9ms,True,roi3,roi3,{},NG,roi3,3,"[{""item_id"": ""roi1"", ""display_name"": ""密封圈1"", ""camera_id"": ""cam1"", ""roi_label"": ""roi1"", ""algorithm_code"": ""meanhsv_s"", ""enabled"": true, ""params"": {}, ""result"": ""OK"", ""detail"": ""diff=77.9448 match=518.6ms infer=137.6ms""}, {""item_id"": ""roi2"", ""display_name"": ""密封圈2"", ""camera_id"": ""cam1"", ""roi_label"": ""roi2"", ""algorithm_code"": ""meanhsv_s"", ""enabled"": true, ""params"": {}, ""result"": ""NG"", ""detail"": ""diff=-55.8131 match=518.6ms infer=122.7ms""}, {""item_id"": ""roi3"", ""display_name"": ""roi3"", ""camera_id"": ""cam1"", ""roi_label"": ""roi3"", ""algorithm_code"": ""shared_backbone_register"", ""enabled"": true, ""params"": {}, ""result"": ""NG"", ""detail"": ""diff=-0.1036 match=518.6ms infer=179.9ms""}]",密封圈1:OK; 密封圈2:NG; roi3:NG,518.6462999990908,runtime_20260324_164754_576376
2026-03-24 16:47:57,2026_250A_3,line2dup_recipe.json,,NG,NG,,1608,False,,,False,False,,22.24720000231173,"20260324_164756_143873_cam1.png pred=NG NG: 密封圈2, roi3 match=667.8ms infer=435.2ms",C:\Users\goney\Desktop\MatchTemplate2\EmbeddingTest\.qr_session\2026_250A_3\runtime_capture\20260324_164756_143873_cam1.png,435.16119998821523,667.786400008481,NG,1,cam1:NG,22.24720000231173,2026-03-24T16:47:57,435.16119998821523,meanhsv_s,cam1,diff=95.0163 match=667.8ms infer=146.0ms,True,roi1,密封圈1,{},OK,roi1,meanhsv_s,cam1,diff=-24.2383 match=667.8ms infer=117.0ms,True,roi2,密封圈2,{},NG,roi2,shared_backbone_register,cam1,diff=0.0083 match=667.8ms infer=172.1ms,True,roi3,roi3,{},NG,roi3,3,"[{""item_id"": ""roi1"", ""display_name"": ""密封圈1"", ""camera_id"": ""cam1"", ""roi_label"": ""roi1"", ""algorithm_code"": ""meanhsv_s"", ""enabled"": true, ""params"": {}, ""result"": ""OK"", ""detail"": ""diff=95.0163 match=667.8ms infer=146.0ms""}, {""item_id"": ""roi2"", ""display_name"": ""密封圈2"", ""camera_id"": ""cam1"", ""roi_label"": ""roi2"", ""algorithm_code"": ""meanhsv_s"", ""enabled"": true, ""params"": {}, ""result"": ""NG"", ""detail"": ""diff=-24.2383 match=667.8ms infer=117.0ms""}, {""item_id"": ""roi3"", ""display_name"": ""roi3"", ""camera_id"": ""cam1"", ""roi_label"": ""roi3"", ""algorithm_code"": ""shared_backbone_register"", ""enabled"": true, ""params"": {}, ""result"": ""NG"", ""detail"": ""diff=0.0083 match=667.8ms infer=172.1ms""}]",密封圈1:OK; 密封圈2:NG; roi3:NG,667.786400008481,runtime_20260324_164757_918425
2026-03-24 16:48:04,2026_250A_3,line2dup_recipe.json,,NG,NG,,1427,False,,,False,False,,22.45000000402797,"20260324_164802_559908_cam1.png pred=NG NG: 密封圈2, roi3 match=531.8ms infer=417.9ms",C:\Users\goney\Desktop\MatchTemplate2\EmbeddingTest\.qr_session\2026_250A_3\runtime_capture\20260324_164802_559908_cam1.png,417.85410001466516,531.775600000401,NG,1,cam1:NG,22.45000000402797,2026-03-24T16:48:04,417.85410001466516,meanhsv_s,cam1,diff=53.1101 match=531.8ms infer=131.8ms,True,roi1,密封圈1,{},OK,roi1,meanhsv_s,cam1,diff=-60.1340 match=531.8ms infer=117.7ms,True,roi2,密封圈2,{},NG,roi2,shared_backbone_register,cam1,diff=0.0167 match=531.8ms infer=168.3ms,True,roi3,roi3,{},NG,roi3,3,"[{""item_id"": ""roi1"", ""display_name"": ""密封圈1"", ""camera_id"": ""cam1"", ""roi_label"": ""roi1"", ""algorithm_code"": ""meanhsv_s"", ""enabled"": true, ""params"": {}, ""result"": ""OK"", ""detail"": ""diff=53.1101 match=531.8ms infer=131.8ms""}, {""item_id"": ""roi2"", ""display_name"": ""密封圈2"", ""camera_id"": ""cam1"", ""roi_label"": ""roi2"", ""algorithm_code"": ""meanhsv_s"", ""enabled"": true, ""params"": {}, ""result"": ""NG"", ""detail"": ""diff=-60.1340 match=531.8ms infer=117.7ms""}, {""item_id"": ""roi3"", ""display_name"": ""roi3"", ""camera_id"": ""cam1"", ""roi_label"": ""roi3"", ""algorithm_code"": ""shared_backbone_register"", ""enabled"": true, ""params"": {}, ""result"": ""NG"", ""detail"": ""diff=0.0167 match=531.8ms infer=168.3ms""}]",密封圈1:OK; 密封圈2:NG; roi3:NG,531.775600000401,runtime_20260324_164804_144515
2026-03-24 16:48:40,2026_250A_3,line2dup_recipe.json,,OK,OK,,1503,False,,,False,False,,108.8686000002781,20260324_164838_950713_cam1.png pred=OK 3 items OK match=485.1ms infer=434.9ms,,434.85879999934696,485.1455000025453,OK,1,cam1:OK,108.8686000002781,2026-03-24T16:48:40,434.85879999934696,meanhsv_s,cam1,diff=85.0373 match=485.1ms infer=132.2ms,True,roi1,密封圈1,{},OK,roi1,meanhsv_s,cam1,diff=106.2138 match=485.1ms infer=120.8ms,True,roi2,密封圈2,{},OK,roi2,shared_backbone_register,cam1,diff=0.0811 match=485.1ms infer=181.9ms,True,roi3,roi3,{},OK,roi3,3,"[{""item_id"": ""roi1"", ""display_name"": ""密封圈1"", ""camera_id"": ""cam1"", ""roi_label"": ""roi1"", ""algorithm_code"": ""meanhsv_s"", ""enabled"": true, ""params"": {}, ""result"": ""OK"", ""detail"": ""diff=85.0373 match=485.1ms infer=132.2ms""}, {""item_id"": ""roi2"", ""display_name"": ""密封圈2"", ""camera_id"": ""cam1"", ""roi_label"": ""roi2"", ""algorithm_code"": ""meanhsv_s"", ""enabled"": true, ""params"": {}, ""result"": ""OK"", ""detail"": ""diff=106.2138 match=485.1ms infer=120.8ms""}, {""item_id"": ""roi3"", ""display_name"": ""roi3"", ""camera_id"": ""cam1"", ""roi_label"": ""roi3"", ""algorithm_code"": ""shared_backbone_register"", ""enabled"": true, ""params"": {}, ""result"": ""OK"", ""detail"": ""diff=0.0811 match=485.1ms infer=181.9ms""}]",密封圈1:OK; 密封圈2:OK; roi3:OK,485.1455000025453,runtime_20260324_164840_531102
2026-03-24 16:48:48,2026_250A_3,line2dup_recipe.json,,OK,OK,,1501,False,,,False,False,,21.878599989577197,20260324_164847_167913_cam1.png pred=OK 3 items OK match=585.7ms infer=424.9ms,C:\Users\goney\Desktop\MatchTemplate2\EmbeddingTest\.qr_session\2026_250A_3\runtime_capture\20260324_164847_167913_cam1.png,424.9333000043407,585.7203000050504,OK,1,cam1:OK,21.878599989577197,2026-03-24T16:48:48,424.9333000043407,meanhsv_s,cam1,diff=84.5988 match=585.7ms infer=137.7ms,True,roi1,密封圈1,{},OK,roi1,meanhsv_s,cam1,diff=106.3960 match=585.7ms infer=116.1ms,True,roi2,密封圈2,{},OK,roi2,shared_backbone_register,cam1,diff=0.0697 match=585.7ms infer=171.1ms,True,roi3,roi3,{},OK,roi3,3,"[{""item_id"": ""roi1"", ""display_name"": ""密封圈1"", ""camera_id"": ""cam1"", ""roi_label"": ""roi1"", ""algorithm_code"": ""meanhsv_s"", ""enabled"": true, ""params"": {}, ""result"": ""OK"", ""detail"": ""diff=84.5988 match=585.7ms infer=137.7ms""}, {""item_id"": ""roi2"", ""display_name"": ""密封圈2"", ""camera_id"": ""cam1"", ""roi_label"": ""roi2"", ""algorithm_code"": ""meanhsv_s"", ""enabled"": true, ""params"": {}, ""result"": ""OK"", ""detail"": ""diff=106.3960 match=585.7ms infer=116.1ms""}, {""item_id"": ""roi3"", ""display_name"": ""roi3"", ""camera_id"": ""cam1"", ""roi_label"": ""roi3"", ""algorithm_code"": ""shared_backbone_register"", ""enabled"": true, ""params"": {}, ""result"": ""OK"", ""detail"": ""diff=0.0697 match=585.7ms infer=171.1ms""}]",密封圈1:OK; 密封圈2:OK; roi3:OK,585.7203000050504,runtime_20260324_164848_827089
2026-03-24 16:49:06,2026_250A_3,line2dup_recipe.json,,OK,OK,,1418,False,,,False,False,,21.97270000760909,20260324_164905_304036_cam1.png pred=OK 3 items OK match=501.8ms infer=426.6ms,C:\Users\goney\Desktop\MatchTemplate2\EmbeddingTest\.qr_session\2026_250A_3\runtime_capture\20260324_164905_304036_cam1.png,426.56299998634495,501.7659999866737,OK,1,cam1:OK,21.97270000760909,2026-03-24T16:49:06,426.56299998634495,meanhsv_s,cam1,diff=57.0653 match=501.8ms infer=138.1ms,True,roi1,密封圈1,{},OK,roi1,meanhsv_s,cam1,diff=94.0548 match=501.8ms infer=117.1ms,True,roi2,密封圈2,{},OK,roi2,shared_backbone_register,cam1,diff=0.0612 match=501.8ms infer=171.4ms,True,roi3,roi3,{},OK,roi3,3,"[{""item_id"": ""roi1"", ""display_name"": ""密封圈1"", ""camera_id"": ""cam1"", ""roi_label"": ""roi1"", ""algorithm_code"": ""meanhsv_s"", ""enabled"": true, ""params"": {}, ""result"": ""OK"", ""detail"": ""diff=57.0653 match=501.8ms infer=138.1ms""}, {""item_id"": ""roi2"", ""display_name"": ""密封圈2"", ""camera_id"": ""cam1"", ""roi_label"": ""roi2"", ""algorithm_code"": ""meanhsv_s"", ""enabled"": true, ""params"": {}, ""result"": ""OK"", ""detail"": ""diff=94.0548 match=501.8ms infer=117.1ms""}, {""item_id"": ""roi3"", ""display_name"": ""roi3"", ""camera_id"": ""cam1"", ""roi_label"": ""roi3"", ""algorithm_code"": ""shared_backbone_register"", ""enabled"": true, ""params"": {}, ""result"": ""OK"", ""detail"": ""diff=0.0612 match=501.8ms infer=171.4ms""}]",密封圈1:OK; 密封圈2:OK; roi3:OK,501.7659999866737,runtime_20260324_164906_879371
2026-03-24 16:49:10,2026_250A_3,line2dup_recipe.json,,NG,NG,,1560,False,,,False,False,,22.169899995788,20260324_164908_799704_cam1.png pred=NG NG: roi3 diff=-0.0605 match=606.4ms infer=435.1ms,C:\Users\goney\Desktop\MatchTemplate2\EmbeddingTest\.qr_session\2026_250A_3\runtime_capture\20260324_164908_799704_cam1.png,435.1094000012381,606.3955999998143,NG,1,cam1:NG,22.169899995788,2026-03-24T16:49:10,435.1094000012381,meanhsv_s,cam1,diff=60.9650 match=606.4ms infer=136.0ms,True,roi1,密封圈1,{},OK,roi1,meanhsv_s,cam1,diff=93.2972 match=606.4ms infer=120.0ms,True,roi2,密封圈2,{},OK,roi2,shared_backbone_register,cam1,diff=-0.0605 match=606.4ms infer=179.1ms,True,roi3,roi3,{},NG,roi3,3,"[{""item_id"": ""roi1"", ""display_name"": ""密封圈1"", ""camera_id"": ""cam1"", ""roi_label"": ""roi1"", ""algorithm_code"": ""meanhsv_s"", ""enabled"": true, ""params"": {}, ""result"": ""OK"", ""detail"": ""diff=60.9650 match=606.4ms infer=136.0ms""}, {""item_id"": ""roi2"", ""display_name"": ""密封圈2"", ""camera_id"": ""cam1"", ""roi_label"": ""roi2"", ""algorithm_code"": ""meanhsv_s"", ""enabled"": true, ""params"": {}, ""result"": ""OK"", ""detail"": ""diff=93.2972 match=606.4ms infer=120.0ms""}, {""item_id"": ""roi3"", ""display_name"": ""roi3"", ""camera_id"": ""cam1"", ""roi_label"": ""roi3"", ""algorithm_code"": ""shared_backbone_register"", ""enabled"": true, ""params"": {}, ""result"": ""NG"", ""detail"": ""diff=-0.0605 match=606.4ms infer=179.1ms""}]",密封圈1:OK; 密封圈2:OK; roi3:NG,606.3955999998143,runtime_20260324_164910_516990
2026-03-24 17:10:07,2026_250A_3,line2dup_recipe.json,,OK,OK,,1660,False,,,False,False,,107.07110000657849,20260324_171005_555408_cam1.png pred=OK 3 items OK match=641.9ms infer=405.9ms,,405.9166000079131,641.8999000015901,OK,1,cam1:OK,107.07110000657849,2026-03-24T17:10:07,405.9166000079131,meanhsv_s,cam1,diff=20.0347 match=641.9ms infer=137.7ms,True,roi1,密封圈1,{},OK,roi1,meanhsv_s,cam1,diff=98.4537 match=641.9ms infer=131.0ms,True,roi2,密封圈2,{},OK,roi2,meanintensity,cam1,diff=8.9059 match=641.9ms infer=137.2ms,True,roi3,roi3,{},OK,roi3,3,"[{""item_id"": ""roi1"", ""display_name"": ""密封圈1"", ""camera_id"": ""cam1"", ""roi_label"": ""roi1"", ""algorithm_code"": ""meanhsv_s"", ""enabled"": true, ""params"": {}, ""result"": ""OK"", ""detail"": ""diff=20.0347 match=641.9ms infer=137.7ms""}, {""item_id"": ""roi2"", ""display_name"": ""密封圈2"", ""camera_id"": ""cam1"", ""roi_label"": ""roi2"", ""algorithm_code"": ""meanhsv_s"", ""enabled"": true, ""params"": {}, ""result"": ""OK"", ""detail"": ""diff=98.4537 match=641.9ms infer=131.0ms""}, {""item_id"": ""roi3"", ""display_name"": ""roi3"", ""camera_id"": ""cam1"", ""roi_label"": ""roi3"", ""algorithm_code"": ""meanintensity"", ""enabled"": true, ""params"": {}, ""result"": ""OK"", ""detail"": ""diff=8.9059 match=641.9ms infer=137.2ms""}]",密封圈1:OK; 密封圈2:OK; roi3:OK,641.8999000015901,runtime_20260324_171007_269861
2026-03-24 17:10:15,2026_250A_3,line2dup_recipe.json,,OK,OK,,1443,False,,,False,False,,22.195500001544133,20260324_171014_271125_cam1.png pred=OK 3 items OK match=507.1ms infer=416.1ms,C:\Users\goney\Desktop\MatchTemplate2\EmbeddingTest\.qr_session\2026_250A_3\runtime_capture\20260324_171014_271125_cam1.png,416.1277999955928,507.12019999627955,OK,1,cam1:OK,22.195500001544133,2026-03-24T17:10:15,416.1277999955928,meanhsv_s,cam1,diff=5.1623 match=507.1ms infer=146.1ms,True,roi1,密封圈1,{},OK,roi1,meanhsv_s,cam1,diff=96.4785 match=507.1ms infer=138.0ms,True,roi2,密封圈2,{},OK,roi2,meanintensity,cam1,diff=8.9178 match=507.1ms infer=132.0ms,True,roi3,roi3,{},OK,roi3,3,"[{""item_id"": ""roi1"", ""display_name"": ""密封圈1"", ""camera_id"": ""cam1"", ""roi_label"": ""roi1"", ""algorithm_code"": ""meanhsv_s"", ""enabled"": true, ""params"": {}, ""result"": ""OK"", ""detail"": ""diff=5.1623 match=507.1ms infer=146.1ms""}, {""item_id"": ""roi2"", ""display_name"": ""密封圈2"", ""camera_id"": ""cam1"", ""roi_label"": ""roi2"", ""algorithm_code"": ""meanhsv_s"", ""enabled"": true, ""params"": {}, ""result"": ""OK"", ""detail"": ""diff=96.4785 match=507.1ms infer=138.0ms""}, {""item_id"": ""roi3"", ""display_name"": ""roi3"", ""camera_id"": ""cam1"", ""roi_label"": ""roi3"", ""algorithm_code"": ""meanintensity"", ""enabled"": true, ""params"": {}, ""result"": ""OK"", ""detail"": ""diff=8.9178 match=507.1ms infer=132.0ms""}]",密封圈1:OK; 密封圈2:OK; roi3:OK,507.12019999627955,runtime_20260324_171015_848627
2026-03-24 17:10:23,2026_250A_3,line2dup_recipe.json,,OK,OK,,1472,False,,,False,False,,22.574100003112108,20260324_171021_889601_cam1.png pred=OK 3 items OK match=531.4ms infer=403.2ms,C:\Users\goney\Desktop\MatchTemplate2\EmbeddingTest\.qr_session\2026_250A_3\runtime_capture\20260324_171021_889601_cam1.png,403.2293999916874,531.3561999937519,OK,1,cam1:OK,22.574100003112108,2026-03-24T17:10:23,403.2293999916874,meanhsv_s,cam1,diff=56.0220 match=531.4ms infer=141.1ms,True,roi1,密封圈1,{},OK,roi1,meanhsv_s,cam1,diff=71.6692 match=531.4ms infer=133.5ms,True,roi2,密封圈2,{},OK,roi2,meanintensity,cam1,diff=9.5007 match=531.4ms infer=128.6ms,True,roi3,roi3,{},OK,roi3,3,"[{""item_id"": ""roi1"", ""display_name"": ""密封圈1"", ""camera_id"": ""cam1"", ""roi_label"": ""roi1"", ""algorithm_code"": ""meanhsv_s"", ""enabled"": true, ""params"": {}, ""result"": ""OK"", ""detail"": ""diff=56.0220 match=531.4ms infer=141.1ms""}, {""item_id"": ""roi2"", ""display_name"": ""密封圈2"", ""camera_id"": ""cam1"", ""roi_label"": ""roi2"", ""algorithm_code"": ""meanhsv_s"", ""enabled"": true, ""params"": {}, ""result"": ""OK"", ""detail"": ""diff=71.6692 match=531.4ms infer=133.5ms""}, {""item_id"": ""roi3"", ""display_name"": ""roi3"", ""camera_id"": ""cam1"", ""roi_label"": ""roi3"", ""algorithm_code"": ""meanintensity"", ""enabled"": true, ""params"": {}, ""result"": ""OK"", ""detail"": ""diff=9.5007 match=531.4ms infer=128.6ms""}]",密封圈1:OK; 密封圈2:OK; roi3:OK,531.3561999937519,runtime_20260324_171023_501733
2026-03-24 17:10:28,2026_250A_3,line2dup_recipe.json,,OK,OK,,1563,False,,,False,False,,21.525100004510023,20260324_171026_479862_cam1.png pred=OK 3 items OK match=641.4ms infer=398.3ms,C:\Users\goney\Desktop\MatchTemplate2\EmbeddingTest\.qr_session\2026_250A_3\runtime_capture\20260324_171026_479862_cam1.png,398.32180002122186,641.3655999931507,OK,1,cam1:OK,21.525100004510023,2026-03-24T17:10:28,398.32180002122186,meanhsv_s,cam1,diff=59.5559 match=641.4ms infer=151.6ms,True,roi1,密封圈1,{},OK,roi1,meanhsv_s,cam1,diff=73.3592 match=641.4ms infer=125.4ms,True,roi2,密封圈2,{},OK,roi2,meanintensity,cam1,diff=10.5502 match=641.4ms infer=121.3ms,True,roi3,roi3,{},OK,roi3,3,"[{""item_id"": ""roi1"", ""display_name"": ""密封圈1"", ""camera_id"": ""cam1"", ""roi_label"": ""roi1"", ""algorithm_code"": ""meanhsv_s"", ""enabled"": true, ""params"": {}, ""result"": ""OK"", ""detail"": ""diff=59.5559 match=641.4ms infer=151.6ms""}, {""item_id"": ""roi2"", ""display_name"": ""密封圈2"", ""camera_id"": ""cam1"", ""roi_label"": ""roi2"", ""algorithm_code"": ""meanhsv_s"", ""enabled"": true, ""params"": {}, ""result"": ""OK"", ""detail"": ""diff=73.3592 match=641.4ms infer=125.4ms""}, {""item_id"": ""roi3"", ""display_name"": ""roi3"", ""camera_id"": ""cam1"", ""roi_label"": ""roi3"", ""algorithm_code"": ""meanintensity"", ""enabled"": true, ""params"": {}, ""result"": ""OK"", ""detail"": ""diff=10.5502 match=641.4ms infer=121.3ms""}]",密封圈1:OK; 密封圈2:OK; roi3:OK,641.3655999931507,runtime_20260324_171028_182169
2026-03-24 17:10:31,2026_250A_3,line2dup_recipe.json,,OK,OK,,1474,False,,,False,False,,21.699000004446134,20260324_171030_253115_cam1.png pred=OK 3 items OK match=548.1ms infer=405.9ms,C:\Users\goney\Desktop\MatchTemplate2\EmbeddingTest\.qr_session\2026_250A_3\runtime_capture\20260324_171030_253115_cam1.png,405.9125000057975,548.1257000064943,OK,1,cam1:OK,21.699000004446134,2026-03-24T17:10:31,405.9125000057975,meanhsv_s,cam1,diff=36.2248 match=548.1ms infer=148.1ms,True,roi1,密封圈1,{},OK,roi1,meanhsv_s,cam1,diff=122.5292 match=548.1ms infer=135.2ms,True,roi2,密封圈2,{},OK,roi2,meanintensity,cam1,diff=9.3056 match=548.1ms infer=122.7ms,True,roi3,roi3,{},OK,roi3,3,"[{""item_id"": ""roi1"", ""display_name"": ""密封圈1"", ""camera_id"": ""cam1"", ""roi_label"": ""roi1"", ""algorithm_code"": ""meanhsv_s"", ""enabled"": true, ""params"": {}, ""result"": ""OK"", ""detail"": ""diff=36.2248 match=548.1ms infer=148.1ms""}, {""item_id"": ""roi2"", ""display_name"": ""密封圈2"", ""camera_id"": ""cam1"", ""roi_label"": ""roi2"", ""algorithm_code"": ""meanhsv_s"", ""enabled"": true, ""params"": {}, ""result"": ""OK"", ""detail"": ""diff=122.5292 match=548.1ms infer=135.2ms""}, {""item_id"": ""roi3"", ""display_name"": ""roi3"", ""camera_id"": ""cam1"", ""roi_label"": ""roi3"", ""algorithm_code"": ""meanintensity"", ""enabled"": true, ""params"": {}, ""result"": ""OK"", ""detail"": ""diff=9.3056 match=548.1ms infer=122.7ms""}]",密封圈1:OK; 密封圈2:OK; roi3:OK,548.1257000064943,runtime_20260324_171031_865999
2026-03-24 17:10:35,2026_250A_3,line2dup_recipe.json,,NG,NG,,1581,False,,,False,False,,21.489400009159,20260324_171033_924480_cam1.png pred=NG NG: 密封圈1 diff=-3.5743 match=644.7ms infer=419.2ms,C:\Users\goney\Desktop\MatchTemplate2\EmbeddingTest\.qr_session\2026_250A_3\runtime_capture\20260324_171033_924480_cam1.png,419.21199997887015,644.6758999954909,NG,1,cam1:NG,21.489400009159,2026-03-24T17:10:35,419.21199997887015,meanhsv_s,cam1,diff=-3.5743 match=644.7ms infer=149.9ms,True,roi1,密封圈1,{},NG,roi1,meanhsv_s,cam1,diff=72.4381 match=644.7ms infer=137.7ms,True,roi2,密封圈2,{},OK,roi2,meanintensity,cam1,diff=8.2078 match=644.7ms infer=131.6ms,True,roi3,roi3,{},OK,roi3,3,"[{""item_id"": ""roi1"", ""display_name"": ""密封圈1"", ""camera_id"": ""cam1"", ""roi_label"": ""roi1"", ""algorithm_code"": ""meanhsv_s"", ""enabled"": true, ""params"": {}, ""result"": ""NG"", ""detail"": ""diff=-3.5743 match=644.7ms infer=149.9ms""}, {""item_id"": ""roi2"", ""display_name"": ""密封圈2"", ""camera_id"": ""cam1"", ""roi_label"": ""roi2"", ""algorithm_code"": ""meanhsv_s"", ""enabled"": true, ""params"": {}, ""result"": ""OK"", ""detail"": ""diff=72.4381 match=644.7ms infer=137.7ms""}, {""item_id"": ""roi3"", ""display_name"": ""roi3"", ""camera_id"": ""cam1"", ""roi_label"": ""roi3"", ""algorithm_code"": ""meanintensity"", ""enabled"": true, ""params"": {}, ""result"": ""OK"", ""detail"": ""diff=8.2078 match=644.7ms infer=131.6ms""}]",密封圈1:NG; 密封圈2:OK; roi3:OK,644.6758999954909,runtime_20260324_171035_643542
2026-03-24 17:10:42,2026_250A_3,line2dup_recipe.json,,OK,OK,,1486,False,,,False,False,,21.66919999581296,20260324_171041_290426_cam1.png pred=OK 3 items OK match=495.3ms infer=443.6ms,C:\Users\goney\Desktop\MatchTemplate2\EmbeddingTest\.qr_session\2026_250A_3\runtime_capture\20260324_171041_290426_cam1.png,443.5718999884557,495.263699995121,OK,1,cam1:OK,21.66919999581296,2026-03-24T17:10:42,443.5718999884557,meanhsv_s,cam1,diff=42.5922 match=495.3ms infer=162.2ms,True,roi1,密封圈1,{},OK,roi1,meanhsv_s,cam1,diff=123.5181 match=495.3ms infer=143.3ms,True,roi2,密封圈2,{},OK,roi2,meanintensity,cam1,diff=11.2474 match=495.3ms infer=138.1ms,True,roi3,roi3,{},OK,roi3,3,"[{""item_id"": ""roi1"", ""display_name"": ""密封圈1"", ""camera_id"": ""cam1"", ""roi_label"": ""roi1"", ""algorithm_code"": ""meanhsv_s"", ""enabled"": true, ""params"": {}, ""result"": ""OK"", ""detail"": ""diff=42.5922 match=495.3ms infer=162.2ms""}, {""item_id"": ""roi2"", ""display_name"": ""密封圈2"", ""camera_id"": ""cam1"", ""roi_label"": ""roi2"", ""algorithm_code"": ""meanhsv_s"", ""enabled"": true, ""params"": {}, ""result"": ""OK"", ""detail"": ""diff=123.5181 match=495.3ms infer=143.3ms""}, {""item_id"": ""roi3"", ""display_name"": ""roi3"", ""camera_id"": ""cam1"", ""roi_label"": ""roi3"", ""algorithm_code"": ""meanintensity"", ""enabled"": true, ""params"": {}, ""result"": ""OK"", ""detail"": ""diff=11.2474 match=495.3ms infer=138.1ms""}]",密封圈1:OK; 密封圈2:OK; roi3:OK,495.263699995121,runtime_20260324_171042_917270
2026-03-24 17:10:55,2026_250A_3,line2dup_recipe.json,,NG,NG,,1446,False,,,False,False,,21.772599997348152,20260324_171053_876376_cam1.png pred=NG NG: 密封圈1 diff=-69.3785 match=504.7ms infer=421.5ms,C:\Users\goney\Desktop\MatchTemplate2\EmbeddingTest\.qr_session\2026_250A_3\runtime_capture\20260324_171053_876376_cam1.png,421.53330000292044,504.67419999768026,NG,1,cam1:NG,21.772599997348152,2026-03-24T17:10:55,421.53330000292044,meanhsv_s,cam1,diff=-69.3785 match=504.7ms infer=147.6ms,True,roi1,密封圈1,{},NG,roi1,meanhsv_s,cam1,diff=42.4799 match=504.7ms infer=133.6ms,True,roi2,密封圈2,{},OK,roi2,meanintensity,cam1,diff=9.0381 match=504.7ms infer=140.3ms,True,roi3,roi3,{},OK,roi3,3,"[{""item_id"": ""roi1"", ""display_name"": ""密封圈1"", ""camera_id"": ""cam1"", ""roi_label"": ""roi1"", ""algorithm_code"": ""meanhsv_s"", ""enabled"": true, ""params"": {}, ""result"": ""NG"", ""detail"": ""diff=-69.3785 match=504.7ms infer=147.6ms""}, {""item_id"": ""roi2"", ""display_name"": ""密封圈2"", ""camera_id"": ""cam1"", ""roi_label"": ""roi2"", ""algorithm_code"": ""meanhsv_s"", ""enabled"": true, ""params"": {}, ""result"": ""OK"", ""detail"": ""diff=42.4799 match=504.7ms infer=133.6ms""}, {""item_id"": ""roi3"", ""display_name"": ""roi3"", ""camera_id"": ""cam1"", ""roi_label"": ""roi3"", ""algorithm_code"": ""meanintensity"", ""enabled"": true, ""params"": {}, ""result"": ""OK"", ""detail"": ""diff=9.0381 match=504.7ms infer=140.3ms""}]",密封圈1:NG; 密封圈2:OK; roi3:OK,504.67419999768026,runtime_20260324_171055_470654
2026-03-24 17:11:02,2026_250A_3,line2dup_recipe.json,,NG,NG,,1544,False,,,False,False,,22.119800007203594,20260324_171100_530180_cam1.png pred=NG NG: 密封圈1 diff=-69.1433 match=605.8ms infer=412.9ms,C:\Users\goney\Desktop\MatchTemplate2\EmbeddingTest\.qr_session\2026_250A_3\runtime_capture\20260324_171100_530180_cam1.png,412.94820001348853,605.7664999971166,NG,1,cam1:NG,22.119800007203594,2026-03-24T17:11:02,412.94820001348853,meanhsv_s,cam1,diff=-69.1433 match=605.8ms infer=145.9ms,True,roi1,密封圈1,{},NG,roi1,meanhsv_s,cam1,diff=71.7738 match=605.8ms infer=134.7ms,True,roi2,密封圈2,{},OK,roi2,meanintensity,cam1,diff=11.0499 match=605.8ms infer=132.4ms,True,roi3,roi3,{},OK,roi3,3,"[{""item_id"": ""roi1"", ""display_name"": ""密封圈1"", ""camera_id"": ""cam1"", ""roi_label"": ""roi1"", ""algorithm_code"": ""meanhsv_s"", ""enabled"": true, ""params"": {}, ""result"": ""NG"", ""detail"": ""diff=-69.1433 match=605.8ms infer=145.9ms""}, {""item_id"": ""roi2"", ""display_name"": ""密封圈2"", ""camera_id"": ""cam1"", ""roi_label"": ""roi2"", ""algorithm_code"": ""meanhsv_s"", ""enabled"": true, ""params"": {}, ""result"": ""OK"", ""detail"": ""diff=71.7738 match=605.8ms infer=134.7ms""}, {""item_id"": ""roi3"", ""display_name"": ""roi3"", ""camera_id"": ""cam1"", ""roi_label"": ""roi3"", ""algorithm_code"": ""meanintensity"", ""enabled"": true, ""params"": {}, ""result"": ""OK"", ""detail"": ""diff=11.0499 match=605.8ms infer=132.4ms""}]",密封圈1:NG; 密封圈2:OK; roi3:OK,605.7664999971166,runtime_20260324_171102_209963
2026-03-24 17:11:05,2026_250A_3,line2dup_recipe.json,,NG,NG,,1452,False,,,False,False,,22.163100002217107,20260324_171104_373902_cam1.png pred=NG NG: 密封圈1 diff=-70.2003 match=517.3ms infer=416.7ms,C:\Users\goney\Desktop\MatchTemplate2\EmbeddingTest\.qr_session\2026_250A_3\runtime_capture\20260324_171104_373902_cam1.png,416.7096000019228,517.3055000050226,NG,1,cam1:NG,22.163100002217107,2026-03-24T17:11:05,416.7096000019228,meanhsv_s,cam1,diff=-70.2003 match=517.3ms infer=145.5ms,True,roi1,密封圈1,{},NG,roi1,meanhsv_s,cam1,diff=122.7559 match=517.3ms infer=145.7ms,True,roi2,密封圈2,{},OK,roi2,meanintensity,cam1,diff=10.9920 match=517.3ms infer=125.5ms,True,roi3,roi3,{},OK,roi3,3,"[{""item_id"": ""roi1"", ""display_name"": ""密封圈1"", ""camera_id"": ""cam1"", ""roi_label"": ""roi1"", ""algorithm_code"": ""meanhsv_s"", ""enabled"": true, ""params"": {}, ""result"": ""NG"", ""detail"": ""diff=-70.2003 match=517.3ms infer=145.5ms""}, {""item_id"": ""roi2"", ""display_name"": ""密封圈2"", ""camera_id"": ""cam1"", ""roi_label"": ""roi2"", ""algorithm_code"": ""meanhsv_s"", ""enabled"": true, ""params"": {}, ""result"": ""OK"", ""detail"": ""diff=122.7559 match=517.3ms infer=145.7ms""}, {""item_id"": ""roi3"", ""display_name"": ""roi3"", ""camera_id"": ""cam1"", ""roi_label"": ""roi3"", ""algorithm_code"": ""meanintensity"", ""enabled"": true, ""params"": {}, ""result"": ""OK"", ""detail"": ""diff=10.9920 match=517.3ms infer=125.5ms""}]",密封圈1:NG; 密封圈2:OK; roi3:OK,517.3055000050226,runtime_20260324_171105_962795
2026-03-24 17:11:32,2026_250A_3,line2dup_recipe.json,,NG,NG,,1474,False,,,False,False,,22.66270000836812,"20260324_171131_326394_cam1.png pred=NG NG: 密封圈1, 密封圈2, roi3 match=502.9ms infer=425.8ms",C:\Users\goney\Desktop\MatchTemplate2\EmbeddingTest\.qr_session\2026_250A_3\runtime_capture\20260324_171131_326394_cam1.png,425.7639999996172,502.8996999899391,NG,1,cam1:NG,22.66270000836812,2026-03-24T17:11:32,425.7639999996172,meanhsv_s,cam1,diff=-2.3107 match=502.9ms infer=154.6ms,True,roi1,密封圈1,{},NG,roi1,meanhsv_s,cam1,diff=-37.8682 match=502.9ms infer=141.8ms,True,roi2,密封圈2,{},NG,roi2,meanintensity,cam1,diff=-7.9744 match=502.9ms infer=129.3ms,True,roi3,roi3,{},NG,roi3,3,"[{""item_id"": ""roi1"", ""display_name"": ""密封圈1"", ""camera_id"": ""cam1"", ""roi_label"": ""roi1"", ""algorithm_code"": ""meanhsv_s"", ""enabled"": true, ""params"": {}, ""result"": ""NG"", ""detail"": ""diff=-2.3107 match=502.9ms infer=154.6ms""}, {""item_id"": ""roi2"", ""display_name"": ""密封圈2"", ""camera_id"": ""cam1"", ""roi_label"": ""roi2"", ""algorithm_code"": ""meanhsv_s"", ""enabled"": true, ""params"": {}, ""result"": ""NG"", ""detail"": ""diff=-37.8682 match=502.9ms infer=141.8ms""}, {""item_id"": ""roi3"", ""display_name"": ""roi3"", ""camera_id"": ""cam1"", ""roi_label"": ""roi3"", ""algorithm_code"": ""meanintensity"", ""enabled"": true, ""params"": {}, ""result"": ""NG"", ""detail"": ""diff=-7.9744 match=502.9ms infer=129.3ms""}]",密封圈1:NG; 密封圈2:NG; roi3:NG,502.8996999899391,runtime_20260324_171132_939429
2026-03-24 17:11:39,2026_250A_3,line2dup_recipe.json,,NG,NG,,1552,False,,,False,False,,22.59730000514537,"20260324_171137_350975_cam1.png pred=NG NG: 密封圈2, roi3 match=609.7ms infer=422.9ms",C:\Users\goney\Desktop\MatchTemplate2\EmbeddingTest\.qr_session\2026_250A_3\runtime_capture\20260324_171137_350975_cam1.png,422.8562000062084,609.7428999928525,NG,1,cam1:NG,22.59730000514537,2026-03-24T17:11:39,422.8562000062084,meanhsv_s,cam1,diff=4.0037 match=609.7ms infer=156.1ms,True,roi1,密封圈1,{},OK,roi1,meanhsv_s,cam1,diff=-41.7143 match=609.7ms infer=135.2ms,True,roi2,密封圈2,{},NG,roi2,meanintensity,cam1,diff=-8.2898 match=609.7ms infer=131.5ms,True,roi3,roi3,{},NG,roi3,3,"[{""item_id"": ""roi1"", ""display_name"": ""密封圈1"", ""camera_id"": ""cam1"", ""roi_label"": ""roi1"", ""algorithm_code"": ""meanhsv_s"", ""enabled"": true, ""params"": {}, ""result"": ""OK"", ""detail"": ""diff=4.0037 match=609.7ms infer=156.1ms""}, {""item_id"": ""roi2"", ""display_name"": ""密封圈2"", ""camera_id"": ""cam1"", ""roi_label"": ""roi2"", ""algorithm_code"": ""meanhsv_s"", ""enabled"": true, ""params"": {}, ""result"": ""NG"", ""detail"": ""diff=-41.7143 match=609.7ms infer=135.2ms""}, {""item_id"": ""roi3"", ""display_name"": ""roi3"", ""camera_id"": ""cam1"", ""roi_label"": ""roi3"", ""algorithm_code"": ""meanintensity"", ""enabled"": true, ""params"": {}, ""result"": ""NG"", ""detail"": ""diff=-8.2898 match=609.7ms infer=131.5ms""}]",密封圈1:OK; 密封圈2:NG; roi3:NG,609.7428999928525,runtime_20260324_171139_025053
2026-03-24 17:11:43,2026_250A_3,line2dup_recipe.json,,NG,NG,,1300,False,,,False,False,,22.016300004906952,"20260324_171141_852433_cam1.png pred=NG NG: 密封圈2, roi3 match=515.4ms infer=341.2ms",C:\Users\goney\Desktop\MatchTemplate2\EmbeddingTest\.qr_session\2026_250A_3\runtime_capture\20260324_171141_852433_cam1.png,341.20330000587273,515.3693999891402,NG,1,cam1:NG,22.016300004906952,2026-03-24T17:11:43,341.20330000587273,meanhsv_s,cam1,diff=83.3801 match=515.4ms infer=119.4ms,True,roi1,密封圈1,{},OK,roi1,meanhsv_s,cam1,diff=-30.9071 match=515.4ms infer=111.4ms,True,roi2,密封圈2,{},NG,roi2,meanintensity,cam1,diff=-7.7901 match=515.4ms infer=110.4ms,True,roi3,roi3,{},NG,roi3,3,"[{""item_id"": ""roi1"", ""display_name"": ""密封圈1"", ""camera_id"": ""cam1"", ""roi_label"": ""roi1"", ""algorithm_code"": ""meanhsv_s"", ""enabled"": true, ""params"": {}, ""result"": ""OK"", ""detail"": ""diff=83.3801 match=515.4ms infer=119.4ms""}, {""item_id"": ""roi2"", ""display_name"": ""密封圈2"", ""camera_id"": ""cam1"", ""roi_label"": ""roi2"", ""algorithm_code"": ""meanhsv_s"", ""enabled"": true, ""params"": {}, ""result"": ""NG"", ""detail"": ""diff=-30.9071 match=515.4ms infer=111.4ms""}, {""item_id"": ""roi3"", ""display_name"": ""roi3"", ""camera_id"": ""cam1"", ""roi_label"": ""roi3"", ""algorithm_code"": ""meanintensity"", ""enabled"": true, ""params"": {}, ""result"": ""NG"", ""detail"": ""diff=-7.7901 match=515.4ms infer=110.4ms""}]",密封圈1:OK; 密封圈2:NG; roi3:NG,515.3693999891402,runtime_20260324_171143_273192
2026-03-24 17:11:47,2026_250A_3,line2dup_recipe.json,,NG,NG,,1373,False,,,False,False,,22.133400008897297,"20260324_171145_763301_cam1.png pred=NG NG: 密封圈2, roi3 match=564.9ms infer=354.8ms",C:\Users\goney\Desktop\MatchTemplate2\EmbeddingTest\.qr_session\2026_250A_3\runtime_capture\20260324_171145_763301_cam1.png,354.8293000058038,564.9187999952119,NG,1,cam1:NG,22.133400008897297,2026-03-24T17:11:47,354.8293000058038,meanhsv_s,cam1,diff=19.7817 match=564.9ms infer=130.5ms,True,roi1,密封圈1,{},OK,roi1,meanhsv_s,cam1,diff=-41.7327 match=564.9ms infer=117.3ms,True,roi2,密封圈2,{},NG,roi2,meanintensity,cam1,diff=-8.9961 match=564.9ms infer=107.1ms,True,roi3,roi3,{},NG,roi3,3,"[{""item_id"": ""roi1"", ""display_name"": ""密封圈1"", ""camera_id"": ""cam1"", ""roi_label"": ""roi1"", ""algorithm_code"": ""meanhsv_s"", ""enabled"": true, ""params"": {}, ""result"": ""OK"", ""detail"": ""diff=19.7817 match=564.9ms infer=130.5ms""}, {""item_id"": ""roi2"", ""display_name"": ""密封圈2"", ""camera_id"": ""cam1"", ""roi_label"": ""roi2"", ""algorithm_code"": ""meanhsv_s"", ""enabled"": true, ""params"": {}, ""result"": ""NG"", ""detail"": ""diff=-41.7327 match=564.9ms infer=117.3ms""}, {""item_id"": ""roi3"", ""display_name"": ""roi3"", ""camera_id"": ""cam1"", ""roi_label"": ""roi3"", ""algorithm_code"": ""meanintensity"", ""enabled"": true, ""params"": {}, ""result"": ""NG"", ""detail"": ""diff=-8.9961 match=564.9ms infer=107.1ms""}]",密封圈1:OK; 密封圈2:NG; roi3:NG,564.9187999952119,runtime_20260324_171147_256969
2026-03-24 17:11:52,2026_250A_3,line2dup_recipe.json,,NG,NG,,1212,False,,,False,False,,22.75230000668671,"20260324_171151_087314_cam1.png pred=NG NG: 密封圈1, 密封圈2, roi3 match=404.8ms infer=340.6ms",C:\Users\goney\Desktop\MatchTemplate2\EmbeddingTest\.qr_session\2026_250A_3\runtime_capture\20260324_171151_087314_cam1.png,340.62650000851136,404.78450000227895,NG,1,cam1:NG,22.75230000668671,2026-03-24T17:11:52,340.62650000851136,meanhsv_s,cam1,diff=-4.2989 match=404.8ms infer=121.5ms,True,roi1,密封圈1,{},NG,roi1,meanhsv_s,cam1,diff=-40.7847 match=404.8ms infer=108.8ms,True,roi2,密封圈2,{},NG,roi2,meanintensity,cam1,diff=-7.9154 match=404.8ms infer=110.4ms,True,roi3,roi3,{},NG,roi3,3,"[{""item_id"": ""roi1"", ""display_name"": ""密封圈1"", ""camera_id"": ""cam1"", ""roi_label"": ""roi1"", ""algorithm_code"": ""meanhsv_s"", ""enabled"": true, ""params"": {}, ""result"": ""NG"", ""detail"": ""diff=-4.2989 match=404.8ms infer=121.5ms""}, {""item_id"": ""roi2"", ""display_name"": ""密封圈2"", ""camera_id"": ""cam1"", ""roi_label"": ""roi2"", ""algorithm_code"": ""meanhsv_s"", ""enabled"": true, ""params"": {}, ""result"": ""NG"", ""detail"": ""diff=-40.7847 match=404.8ms infer=108.8ms""}, {""item_id"": ""roi3"", ""display_name"": ""roi3"", ""camera_id"": ""cam1"", ""roi_label"": ""roi3"", ""algorithm_code"": ""meanintensity"", ""enabled"": true, ""params"": {}, ""result"": ""NG"", ""detail"": ""diff=-7.9154 match=404.8ms infer=110.4ms""}]",密封圈1:NG; 密封圈2:NG; roi3:NG,404.78450000227895,runtime_20260324_171152_436519
2026-03-24 17:39:21,2026_250A_3,line2dup_recipe.json,,NG,NG,,1348,False,,,False,False,,110.56090000784025,"20260324_173920_057168_cam1.png pred=NG NG: 密封圈2, roi3 match=458.5ms infer=348.6ms",C:\Users\goney\Desktop\MatchTemplate2\EmbeddingTest\.qr_session\2026_250A_3\runtime_capture\20260324_173920_057168_cam1.png,348.5637999983737,458.4762000013143,NG,1,cam1:NG,110.56090000784025,2026-03-24T17:39:21,348.5637999983737,meanhsv_s,cam1,diff=82.2152 match=458.5ms infer=136.5ms,True,roi1,密封圈1,{},OK,roi1,meanhsv_s,cam1,diff=-21.0456 match=458.5ms infer=106.5ms,True,roi2,密封圈2,{},NG,roi2,meanstd,cam1,diff=-9.4475 match=458.5ms infer=105.6ms,True,roi3,roi3,{},NG,roi3,3,"[{""item_id"": ""roi1"", ""display_name"": ""密封圈1"", ""camera_id"": ""cam1"", ""roi_label"": ""roi1"", ""algorithm_code"": ""meanhsv_s"", ""enabled"": true, ""params"": {}, ""result"": ""OK"", ""detail"": ""diff=82.2152 match=458.5ms infer=136.5ms""}, {""item_id"": ""roi2"", ""display_name"": ""密封圈2"", ""camera_id"": ""cam1"", ""roi_label"": ""roi2"", ""algorithm_code"": ""meanhsv_s"", ""enabled"": true, ""params"": {}, ""result"": ""NG"", ""detail"": ""diff=-21.0456 match=458.5ms infer=106.5ms""}, {""item_id"": ""roi3"", ""display_name"": ""roi3"", ""camera_id"": ""cam1"", ""roi_label"": ""roi3"", ""algorithm_code"": ""meanstd"", ""enabled"": true, ""params"": {}, ""result"": ""NG"", ""detail"": ""diff=-9.4475 match=458.5ms infer=105.6ms""}]",密封圈1:OK; 密封圈2:NG; roi3:NG,458.4762000013143,runtime_20260324_173921_427371
2026-03-24 17:50:13,2026_250A_3,line2dup_recipe.json,,NG,NG,,1376,False,,,False,False,,108.02359999797773,"20260324_175012_217405_cam1.png pred=NG NG: 密封圈2, roi3 match=448.4ms infer=377.7ms",C:\Users\goney\Desktop\MatchTemplate2\EmbeddingTest\.qr_session\2026_250A_3\runtime_capture\20260324_175012_217405_cam1.png,377.71600001724437,448.38509999681264,NG,1,cam1:NG,108.02359999797773,2026-03-24T17:50:13,377.71600001724437,meanhsv_s,cam1,diff=82.0519 match=448.4ms infer=155.7ms,True,roi1,密封圈1,{},OK,roi1,meanhsv_s,cam1,diff=-21.0961 match=448.4ms infer=109.2ms,True,roi2,密封圈2,{},NG,roi2,meanstd,cam1,diff=-9.4396 match=448.4ms infer=112.8ms,True,roi3,roi3,{},NG,roi3,3,"[{""item_id"": ""roi1"", ""display_name"": ""密封圈1"", ""camera_id"": ""cam1"", ""roi_label"": ""roi1"", ""algorithm_code"": ""meanhsv_s"", ""enabled"": true, ""params"": {}, ""result"": ""OK"", ""detail"": ""diff=82.0519 match=448.4ms infer=155.7ms""}, {""item_id"": ""roi2"", ""display_name"": ""密封圈2"", ""camera_id"": ""cam1"", ""roi_label"": ""roi2"", ""algorithm_code"": ""meanhsv_s"", ""enabled"": true, ""params"": {}, ""result"": ""NG"", ""detail"": ""diff=-21.0961 match=448.4ms infer=109.2ms""}, {""item_id"": ""roi3"", ""display_name"": ""roi3"", ""camera_id"": ""cam1"", ""roi_label"": ""roi3"", ""algorithm_code"": ""meanstd"", ""enabled"": true, ""params"": {}, ""result"": ""NG"", ""detail"": ""diff=-9.4396 match=448.4ms infer=112.8ms""}]",密封圈1:OK; 密封圈2:NG; roi3:NG,448.38509999681264,runtime_20260324_175013_621618
2026-03-24 17:50:23,2026_250A_3,line2dup_recipe.json,,NG,NG,,1261,False,,,False,False,,21.5289999905508,"20260324_175022_087697_cam1.png pred=NG NG: 密封圈2, roi3 match=465.7ms infer=347.5ms",C:\Users\goney\Desktop\MatchTemplate2\EmbeddingTest\.qr_session\2026_250A_3\runtime_capture\20260324_175022_087697_cam1.png,347.5084999954561,465.7144000084372,NG,1,cam1:NG,21.5289999905508,2026-03-24T17:50:23,347.5084999954561,meanhsv_s,cam1,diff=82.3529 match=465.7ms infer=135.9ms,True,roi1,密封圈1,{},OK,roi1,meanhsv_s,cam1,diff=-21.2327 match=465.7ms infer=108.8ms,True,roi2,密封圈2,{},NG,roi2,meanstd,cam1,diff=-9.4222 match=465.7ms infer=102.8ms,True,roi3,roi3,{},NG,roi3,3,"[{""item_id"": ""roi1"", ""display_name"": ""密封圈1"", ""camera_id"": ""cam1"", ""roi_label"": ""roi1"", ""algorithm_code"": ""meanhsv_s"", ""enabled"": true, ""params"": {}, ""result"": ""OK"", ""detail"": ""diff=82.3529 match=465.7ms infer=135.9ms""}, {""item_id"": ""roi2"", ""display_name"": ""密封圈2"", ""camera_id"": ""cam1"", ""roi_label"": ""roi2"", ""algorithm_code"": ""meanhsv_s"", ""enabled"": true, ""params"": {}, ""result"": ""NG"", ""detail"": ""diff=-21.2327 match=465.7ms infer=108.8ms""}, {""item_id"": ""roi3"", ""display_name"": ""roi3"", ""camera_id"": ""cam1"", ""roi_label"": ""roi3"", ""algorithm_code"": ""meanstd"", ""enabled"": true, ""params"": {}, ""result"": ""NG"", ""detail"": ""diff=-9.4222 match=465.7ms infer=102.8ms""}]",密封圈1:OK; 密封圈2:NG; roi3:NG,465.7144000084372,runtime_20260324_175023_503151
